date,ticker,atm_iv,call_iv,put_iv,iv_skew,aq_hist_vol
2026-04-10,AAPL,0.28011817,0.27996850,0.28026783,,0.21952122
2026-04-10,AMZN,0.41716905,0.41481269,0.41952541,0.04531256,0.36720227
2026-04-10,GOOGL,0.35771754,0.35929022,0.35614486,0.04317804,0.35909208
2026-04-10,META,0.41757842,0.41868516,0.41647168,0.05014524,0.52837223
2026-04-10,MSFT,0.37058410,0.37146783,0.36970037,0.03633699,0.21369685
2026-04-10,NFLX,0.39923533,0.39869345,0.39977722,,0.25894000
2026-04-10,NVDA,0.32894286,0.32734930,0.33053642,0.05514941,0.34791219
2026-04-10,ORCL,0.51697615,0.50925716,0.52469514,0.04658242,0.38343704
2026-04-10,TSLA,0.46740515,0.46690181,0.46790849,0.03162878,0.40647824
2026-04-13,AAPL,0.29230040,0.29274026,0.29186054,,0.19631608
2026-04-13,AMZN,0.41544671,0.41637150,0.41452192,0.04823773,0.36463022
2026-04-13,GOOGL,0.37292191,0.37050952,0.37533430,0.04503766,0.36318116
2026-04-13,META,0.42082634,0.41517578,0.42647690,0.03880527,0.51539418
2026-04-13,MSFT,0.38406830,0.38516438,0.38297223,0.03001434,0.25549173
2026-04-13,NFLX,0.40303596,0.40441583,0.40165609,,0.26217673
2026-04-13,NVDA,0.33585076,0.33600855,0.33569296,0.07246735,0.34569502
2026-04-13,ORCL,0.55517460,0.55666864,0.55368056,0.02484740,0.58661267
2026-04-13,TSLA,0.46454158,0.46527160,0.46381155,0.04147849,0.41059292
2026-04-14,AAPL,0.28973034,0.29434428,0.28511640,,0.19166837
2026-04-14,AMZN,0.42321424,0.42610977,0.42031871,0.02437767,0.37041781
2026-04-14,GOOGL,0.36886219,0.36921104,0.36851334,0.02456456,0.37136624
2026-04-14,META,0.42421104,0.42312810,0.42529398,0.03681593,0.52242514
2026-04-14,MSFT,0.38363355,0.38540151,0.38186559,0.04127898,0.26244378
2026-04-14,NFLX,0.40826710,0.40840940,0.40812480,,0.27076081
2026-04-14,NVDA,0.33953248,0.34023564,0.33882933,0.05178629,0.35794595
2026-04-14,ORCL,0.54446941,0.54773531,0.54120352,0.00417739,0.59353786
2026-04-14,TSLA,0.46598364,0.46792468,0.46404261,0.02992712,0.42139754
2026-04-15,AAPL,0.29565022,0.29519534,0.29610509,,0.21187382
2026-04-15,AMZN,0.41119849,0.41298606,0.40941092,0.04060125,0.37003418
2026-04-15,GOOGL,0.37067221,0.37125496,0.37008946,0.03051815,0.37178989
2026-04-15,META,0.43001227,0.43057623,0.42944830,0.03381592,0.51906704
2026-04-15,MSFT,0.38724081,0.38969028,0.38479134,0.02934029,0.30406177
2026-04-15,NFLX,0.41125429,0.41157258,0.41093600,,0.27114690
2026-04-15,NVDA,0.34967111,0.35101108,0.34833114,0.06056910,0.35637141
2026-04-15,ORCL,0.54437113,0.54820339,0.54053887,0.01943597,0.60827354
2026-04-15,TSLA,0.50155170,0.50355187,0.49955154,0.00395349,0.49697799
2026-04-16,AAPL,0.28785748,0.28971848,0.28599649,,0.21689943
2026-04-16,AMZN,0.40317818,0.40432835,0.40202801,0.02376382,0.36880594
2026-04-16,GOOGL,0.36466128,0.36180811,0.36751445,0.02973702,0.36977386
2026-04-16,META,0.41791263,0.41728866,0.41853660,0.03617905,0.51774220
2026-04-16,MSFT,0.37869901,0.37894618,0.37845184,0.04256826,0.31192672
2026-04-16,NFLX,0.42495877,0.41343414,0.43648340,,0.26656986
2026-04-16,NVDA,0.34760993,0.34675607,0.34846379,0.05637782,0.35497693
2026-04-16,ORCL,0.53233153,0.53203556,0.53262750,0.00696082,0.62558179
2026-04-16,TSLA,0.47794861,0.47838047,0.47751674,0.00182733,0.49627907
2026-04-17,AAPL,0.27885452,0.27877732,0.27893172,,0.22079718
2026-04-17,AMZN,0.39810488,0.39611853,0.40009122,0.02349975,0.35023589
2026-04-17,GOOGL,0.35161733,0.35194565,0.35128901,0.02240392,0.36865036
2026-04-17,META,0.41263093,0.41196901,0.41329284,0.03299140,0.51654365
2026-04-17,MSFT,0.36156533,0.36194278,0.36118788,0.03135139,0.30191284
2026-04-17,NFLX,0.29579478,0.29517666,0.29641290,,0.46140692
2026-04-17,NVDA,0.34604529,0.34498160,0.34710897,0.05190253,0.35443278
2026-04-17,ORCL,0.52028348,0.52157078,0.51899618,0.02305933,0.62862508
2026-04-17,TSLA,0.46500748,0.46622618,0.46378878,0.00433049,0.50418024
2026-04-20,AAPL,0.28405749,0.28574804,0.28236695,,0.22368650
2026-04-20,AMZN,0.40367263,0.40409401,0.40325125,0.01884054,0.34965654
2026-04-20,GOOGL,0.36021592,0.35941862,0.36101322,0.02606104,0.37147203
2026-04-20,META,0.41710756,0.41600101,0.41821410,0.02937297,0.52787149
2026-04-20,MSFT,0.36791868,0.36785647,0.36798089,0.02760083,0.30101719
2026-04-20,NFLX,0.30692392,0.30774002,0.30610782,,0.46832990
2026-04-20,NVDA,0.38880049,0.39168139,0.38591959,0.06527707,0.32806090
2026-04-20,ORCL,0.53743549,0.53145272,0.54341826,0.01162470,0.62242314
2026-04-20,TSLA,0.46746801,0.46890390,0.46603213,0.01136715,0.49230139
2026-04-21,AAPL,0.29435413,0.29538356,0.29332470,,0.24202272
2026-04-21,AMZN,0.40871585,0.40991605,0.40751564,0.03014464,0.34095554
2026-04-21,GOOGL,0.37584023,0.37369799,0.37798247,0.02322872,0.36932326
2026-04-21,META,0.42559823,0.42592337,0.42527308,0.03536919,0.51549299
2026-04-21,MSFT,0.37216062,0.37425966,0.37006159,0.03948775,0.29540626
2026-04-21,NFLX,0.30793423,0.31049003,0.30537844,,0.46502282
2026-04-21,NVDA,0.40305009,0.40416858,0.40193159,0.07024419,0.32624854
2026-04-21,ORCL,0.55438324,0.55721858,0.55154790,0.00671646,0.60792181
2026-04-21,TSLA,0.47152885,0.47287292,0.47018479,0.01398249,0.48425394
2026-04-22,AAPL,0.27663064,0.27862591,0.27463536,,0.25197495
2026-04-22,AMZN,0.41112628,0.41186884,0.41038372,0.04471883,0.34029082
2026-04-22,GOOGL,0.37202411,0.37481366,0.36923457,0.03587244,0.37351980
2026-04-22,META,0.42281549,0.42378628,0.42184471,0.03993776,0.51389312
2026-04-22,MSFT,0.37130725,0.37526023,0.36735426,0.03739865,0.30005440
2026-04-22,NFLX,0.29918952,0.30092769,0.29745135,,0.46189316
2026-04-22,NVDA,0.41330021,0.41346415,0.41313627,0.06280804,0.32504196
2026-04-22,ORCL,0.56911665,0.56770790,0.57052541,0.02422790,0.60968756
2026-04-22,TSLA,0.46900506,0.46894732,0.46906280,-0.00404810,0.47002307
2026-04-23,AAPL,0.27021627,0.27168165,0.26875089,,0.25191862
2026-04-23,AMZN,0.41494490,0.41526570,0.41462411,0.03644592,0.33209638
2026-04-23,GOOGL,0.37136696,0.37414828,0.36858565,0.02397090,0.33761533
2026-04-23,META,0.43504930,0.43633082,0.43376779,0.03301089,0.51691692
2026-04-23,MSFT,0.38738192,0.39361565,0.38114819,0.03609116,0.32129243
2026-04-23,NFLX,0.29237648,0.29592167,0.28883130,,0.45206889
2026-04-23,NVDA,0.41589323,0.41689219,0.41489427,0.06475725,0.33172370
2026-04-23,ORCL,0.55087260,0.54885236,0.55289284,0.01053375,0.62741269
2026-04-23,TSLA,0.41657194,0.41810107,0.41504282,0.02111870,0.48669451
2026-04-24,AAPL,0.27257787,0.27099855,0.27415720,,0.25570935
2026-04-24,AMZN,0.41082568,0.40823005,0.41342131,0.01549515,0.34068065
2026-04-24,GOOGL,0.35716245,0.36192203,0.35240286,0.00471832,0.33827038
2026-04-24,META,0.43002859,0.43064023,0.42941695,0.03133586,0.52091248
2026-04-24,MSFT,0.38737473,0.38743538,0.38731408,0.00854986,0.32375858
2026-04-24,NFLX,0.29303955,0.29215165,0.29392745,,0.44950591
2026-04-24,NVDA,0.43141529,0.43200216,0.43082842,0.04061015,0.35195866
2026-04-24,ORCL,0.54608300,0.55588608,0.53627993,0.02684555,0.63151804
2026-04-24,TSLA,0.40692864,0.40730292,0.40655436,0.01655430,0.48653859
2026-04-27,AAPL,0.28047559,0.28043883,0.28051234,,0.25899070
2026-04-27,AMZN,0.41202812,0.41320007,0.41085616,0.01352899,0.28174995
2026-04-27,GOOGL,0.37201819,0.37595141,0.36808498,0.01428571,0.28096498
2026-04-27,META,0.44280274,0.44269039,0.44291510,0.01339897,0.37376040
2026-04-27,MSFT,0.40229175,0.40539331,0.39919019,0.02115803,0.30085166
2026-04-27,NFLX,0.29497850,0.29817479,0.29178221,,0.46095110
2026-04-27,NVDA,0.45547829,0.45604242,0.45491416,0.03150098,0.30246251
2026-04-27,ORCL,0.55727137,0.56167002,0.55287272,0.01115487,0.62819652
2026-04-27,TSLA,0.41474292,0.41617577,0.41331008,0.02118348,0.46972023
2026-04-28,AAPL,0.27113680,0.27058514,0.27168846,,0.25390206
2026-04-28,AMZN,0.41055628,0.40684879,0.41426376,0.01329316,0.28235391
2026-04-28,GOOGL,0.36103914,0.36297978,0.35909850,0.01135262,0.27800778
2026-04-28,META,0.43269323,0.43271690,0.43266957,0.00242719,0.37331938
2026-04-28,MSFT,0.40677575,0.40920385,0.40434765,0.00362945,0.29328931
2026-04-28,NFLX,0.29043647,0.29185171,0.28902124,,0.45086826
2026-04-28,NVDA,0.43763253,0.43744275,0.43782231,0.03598085,0.31129250
2026-04-28,ORCL,0.54231395,0.54019726,0.54443063,0.02368948,0.63842095
2026-04-28,TSLA,0.40315332,0.40557982,0.40072683,0.02110199,0.45895808
2026-04-29,AAPL,0.27691019,0.27599669,0.27782369,,0.25067337
2026-04-29,AMZN,0.43814074,0.44266853,0.43361294,0.01883225,0.28186814
2026-04-29,GOOGL,0.37035112,0.37920944,0.36149281,-0.00384585,0.27593063
2026-04-29,META,0.44162917,0.43881596,0.44444237,0.00035421,0.37544879
2026-04-29,MSFT,0.39660602,0.40239334,0.39081870,0.00833329,0.30133321
2026-04-29,NFLX,0.29575479,0.29460078,0.29690880,,0.45061251
2026-04-29,NVDA,0.44220956,0.44406841,0.44035071,0.04663567,0.31622590
2026-04-29,ORCL,0.54669715,0.55427847,0.53911584,0.00543689,0.64078108
2026-04-29,TSLA,0.39075035,0.39357045,0.38793026,0.01423500,0.45482645
2026-04-30,AAPL,0.29116304,0.29344070,0.28888539,,0.23464443
2026-04-30,AMZN,0.29743019,0.29267497,0.30218541,0.04772650,0.26957543
2026-04-30,GOOGL,0.31202430,0.31903861,0.30500999,0.03253046,0.37898910
2026-04-30,META,0.32553600,0.33241359,0.31865840,0.01929329,0.46452645
2026-04-30,MSFT,0.27653783,0.28184013,0.27123553,0.05131542,0.33222644
2026-04-30,NFLX,0.28484372,0.28959915,0.28008829,,0.43779391
2026-04-30,NVDA,0.44899803,0.45120473,0.44679132,0.04101154,0.33716522
2026-04-30,ORCL,0.52038831,0.52347526,0.51730135,0.03454111,0.61846369
2026-04-30,TSLA,0.39732588,0.39954000,0.39511175,0.00440561,0.43459808
2026-05-01,AAPL,0.22700287,0.22655048,0.22745525,,0.25468031
2026-05-01,AMZN,0.28043613,0.27727186,0.28360039,0.02853380,0.26957474
2026-05-01,GOOGL,0.29547050,0.29610811,0.29483288,0.02310953,0.37392264
2026-05-01,META,0.30580123,0.30760707,0.30399540,0.02368347,0.46415088
2026-05-01,MSFT,0.26386816,0.26233156,0.26540476,0.00522235,0.33359797
2026-05-01,NFLX,0.28945460,0.29074921,0.28815999,,0.44077401
2026-05-01,NVDA,0.43551221,0.43553966,0.43548477,0.04675389,0.33967842
2026-05-01,ORCL,0.52406908,0.52616672,0.52197145,0.00381662,0.64635001
2026-05-01,TSLA,0.40001095,0.40019626,0.39982565,0.00866596,0.43360712
2026-05-04,AAPL,0.23180577,0.23148630,0.23212525,,0.26068119
2026-05-04,AMZN,0.29302073,0.29175997,0.29428148,0.01775923,0.26380786
2026-05-04,GOOGL,0.29899439,0.29749365,0.30049514,0.02894459,0.37446636
2026-05-04,META,0.30030058,0.30388236,0.29671879,0.03341323,0.46253625
2026-05-04,MSFT,0.27669702,0.27431881,0.27907523,0.01063614,0.33392034
2026-05-04,NFLX,0.30081174,0.30478386,0.29683962,,0.42416322
2026-05-04,NVDA,0.43421168,0.43600128,0.43242209,0.04644941,0.33996547
2026-05-04,ORCL,0.56520643,0.57612784,0.55428502,0.02142574,0.66093711
2026-05-04,TSLA,0.41228817,0.41296930,0.41160705,0.00819905,0.38099017
2026-05-05,AAPL,0.23272846,0.23549940,0.22995753,,0.26551690
2026-05-05,AMZN,0.28876966,0.29184323,0.28569608,0.05121608,0.25850134
2026-05-05,GOOGL,0.30919988,0.30717826,0.31122149,0.02776543,0.36546027
2026-05-05,META,0.30557196,0.30781071,0.30333322,0.02920744,0.45317005
2026-05-05,MSFT,0.26982502,0.27343061,0.26621943,0.05052096,0.32772996
2026-05-05,NFLX,0.31020237,0.31398972,0.30641502,,0.42715962
2026-05-05,NVDA,0.43910674,0.43837919,0.43983429,0.03390224,0.33582844
2026-05-05,ORCL,0.57679645,0.58628990,0.56730301,0.01808970,0.64774852
2026-05-05,TSLA,0.41065113,0.41239836,0.40890389,0.01604913,0.37404609
2026-05-06,AAPL,0.23181315,0.23279293,0.23083338,,0.26558644
2026-05-06,AMZN,0.28694458,0.28932709,0.28456207,0.06319919,0.25937695
2026-05-06,GOOGL,0.30780145,0.30747163,0.30813127,0.03420745,0.36770723
2026-05-06,META,0.31345468,0.31633198,0.31057738,0.01723423,0.45421430
2026-05-06,MSFT,0.26705146,0.26862830,0.26547461,0.02865964,0.32709358
2026-05-06,NFLX,0.31071391,0.30718556,0.31424226,,0.42754779
2026-05-06,NVDA,0.46069445,0.46223212,0.45915678,0.02968508,0.37780721
2026-05-06,ORCL,0.59190712,0.58998180,0.59383245,-0.00800577,0.65528441
2026-05-06,TSLA,0.41246810,0.41323755,0.41169865,0.01253540,0.36883829
2026-05-07,AAPL,0.22955925,0.23032368,0.22879483,,0.25036358
2026-05-07,AMZN,0.27947591,0.28129768,0.27765414,0.04351305,0.27272978
2026-05-07,GOOGL,0.31530523,0.31558117,0.31502928,0.02268015,0.36976145
2026-05-07,META,0.30676393,0.30690327,0.30662459,0.02663128,0.45435327
2026-05-07,MSFT,0.27425360,0.27429453,0.27421266,0.02007740,0.32854127
2026-05-07,NFLX,0.29880564,0.30768844,0.28992285,,0.42765949
2026-05-07,NVDA,0.45465414,0.45601679,0.45329150,0.01893440,0.37902383
2026-05-07,ORCL,0.59725850,0.59522301,0.59929399,0.00591832,0.64802076
2026-05-07,TSLA,0.42203296,0.42368165,0.42038427,-0.00042275,0.36980985
2026-05-08,AAPL,0.23073264,0.22938044,0.23208485,,0.24976868
2026-05-08,AMZN,0.28127850,0.28119879,0.28135821,0.05458243,0.25997425
2026-05-08,GOOGL,0.30784671,0.30976350,0.30592993,0.02417763,0.35825178
2026-05-08,META,0.29926045,0.30081225,0.29770865,0.01853500,0.40395769
2026-05-08,MSFT,0.27325466,0.27237702,0.27413229,0.01913857,0.33483220
2026-05-08,NFLX,0.28811111,0.28764493,0.28857728,,0.42603177
2026-05-08,NVDA,0.44821804,0.44722302,0.44921306,0.00952349,0.37720915
2026-05-08,ORCL,0.59769343,0.59612408,0.59926277,0.00009648,0.64742866
2026-05-08,TSLA,0.42538154,0.42470491,0.42605817,-0.00856782,0.37903109
2026-05-11,AAPL,0.24346228,0.24393330,0.24299126,,0.25630585
2026-05-11,AMZN,0.28930762,0.28979284,0.28882240,0.04431638,0.21688251
2026-05-11,GOOGL,0.31389881,0.31641862,0.31137901,0.03612317,0.39098854
2026-05-11,META,0.30786131,0.30928995,0.30643267,0.01235350,0.40670509
2026-05-11,MSFT,0.28265374,0.27932134,0.28598613,-0.00330291,0.34185673
2026-05-11,NFLX,0.30219623,0.29713746,0.30725500,,0.41958847
2026-05-11,NVDA,0.46140675,0.46071932,0.46209418,0.00515132,0.38354782
2026-05-11,ORCL,0.67485712,0.67722677,0.67248746,-0.00909985,0.64127478
2026-05-11,TSLA,0.47074796,0.47187790,0.46961802,-0.01719837,0.40004761
2026-05-12,AAPL,0.24074368,0.24043194,0.24105542,,0.25018922
2026-05-12,AMZN,0.28747578,0.28634676,0.28860480,0.03955118,0.21988483
2026-05-12,GOOGL,0.31519244,0.31680451,0.31358037,0.01906188,0.38409064
2026-05-12,META,0.31108590,0.31102647,0.31114533,0.02212785,0.39814765
2026-05-12,MSFT,0.27916160,0.27882104,0.27950217,0.02294271,0.33854591
2026-05-12,NFLX,0.30806130,0.31028247,0.30584012,,0.42573774
2026-05-12,NVDA,0.46127160,0.46299007,0.45955313,0.01407768,0.37432342
2026-05-12,ORCL,0.68878683,0.68720614,0.69036752,-0.01260847,0.65100373
2026-05-12,TSLA,0.47337103,0.47365118,0.47309087,-0.01168078,0.41091361
2026-05-13,AAPL,0.24878967,0.25221040,0.24536894,,0.24866565
2026-05-13,AMZN,0.30171517,0.30140650,0.30202384,0.03973173,0.22307385
2026-05-13,GOOGL,0.33167703,0.33198263,0.33137142,0.02976595,0.39686683
2026-05-13,META,0.31948412,0.32259503,0.31637320,0.01942680,0.40552605
2026-05-13,MSFT,0.28916145,0.28671422,0.29160868,0.01067840,0.32114765
2026-05-13,NFLX,0.31299406,0.31568228,0.31030583,,0.42518479
2026-05-13,NVDA,0.48452673,0.48739960,0.48165385,0.00800356,0.37767450
2026-05-13,ORCL,0.72356176,0.71908716,0.72803635,-0.01458299,0.53263670
2026-05-13,TSLA,0.47660296,0.47728221,0.47592371,-0.01604386,0.41494535
2026-05-14,AAPL,0.24449687,0.24495567,0.24403806,,0.24897892
2026-05-14,AMZN,0.29206489,0.29186797,0.29226180,0.01732047,0.19849724
2026-05-14,GOOGL,0.32193318,0.32286968,0.32099669,0.02024508,0.38912941
2026-05-14,META,0.31809429,0.32090356,0.31528502,-0.00672304,0.37430408
2026-05-14,MSFT,0.29186526,0.29204010,0.29169043,-0.00775112,0.31460412
2026-05-14,NFLX,0.30623053,0.31991345,0.29254761,,0.40421694
2026-05-14,NVDA,0.48621404,0.48722671,0.48520138,-0.00985402,0.38334411
2026-05-14,ORCL,0.71196095,0.72101172,0.70291018,0.00419158,0.52184292
2026-05-14,TSLA,0.46090402,0.46232196,0.45948609,-0.01353267,0.41012525
2026-05-15,AAPL,0.23747567,0.23848965,0.23646169,,0.23594299
2026-05-15,AMZN,0.28712494,0.28713758,0.28711230,0.03106289,0.20406736
2026-05-15,GOOGL,0.32291083,0.32376286,0.32205880,0.01659186,0.39415283
2026-05-15,META,0.32706380,0.32684181,0.32728578,0.01979843,0.36968844
2026-05-15,MSFT,0.29697403,0.29670225,0.29724582,-0.00557931,0.29327835
2026-05-15,NFLX,0.30824289,0.30908927,0.30739651,,0.39805322
2026-05-15,NVDA,0.48407744,0.48426869,0.48388619,0.00232972,0.42347768
2026-05-15,ORCL,0.70313592,0.70954321,0.69672863,-0.00614972,0.51352331
2026-05-15,TSLA,0.44943642,0.45050356,0.44836927,-0.01357476,0.38726454
2026-05-18,AAPL,0.23547437,0.23409244,0.23685630,,0.22773166
2026-05-18,AMZN,0.29110229,0.29309248,0.28911210,0.02855611,0.20895690
2026-05-18,GOOGL,0.32950073,0.32777531,0.33122615,0.01683671,0.40149511
2026-05-18,META,0.31634899,0.31974173,0.31295625,0.00828232,0.36795539
2026-05-18,MSFT,0.29955350,0.29930622,0.29980078,-0.01749394,0.29062346
2026-05-18,NFLX,0.32012982,0.32294049,0.31731914,,0.26026601
2026-05-18,NVDA,0.46147845,0.46127181,0.46168509,-0.01504288,0.43614085
2026-05-18,ORCL,0.70999653,0.71041801,0.70957504,-0.01429568,0.51307416
2026-05-18,TSLA,0.44481208,0.44734067,0.44228349,-0.00677320,0.39921199
2026-05-19,AAPL,0.23241429,0.23379030,0.23103829,,0.22226373
2026-05-19,AMZN,0.29552882,0.29777837,0.29327928,0.02896143,0.21913492
2026-05-19,GOOGL,0.32037561,0.32072473,0.32002649,0.02478153,0.40544416
2026-05-19,META,0.31653635,0.32289239,0.31018032,0.00954734,0.36023731
2026-05-19,MSFT,0.29158536,0.29261464,0.29055608,-0.00395023,0.28791467
2026-05-19,NFLX,0.31191353,0.31575479,0.30807226,,0.25399605
2026-05-19,NVDA,0.45174295,0.45412181,0.44936409,-0.00836298,0.42768099
2026-05-19,ORCL,0.70791626,0.71223041,0.70360212,-0.00813143,0.51160278
2026-05-19,TSLA,0.44415999,0.44794384,0.44037615,0.00921412,0.39312806
2026-05-20,AAPL,0.23213662,0.22945383,0.23481942,,0.22243569
2026-05-20,AMZN,0.29497896,0.29754623,0.29241169,0.03403538,0.22573866
2026-05-20,GOOGL,0.31195566,0.31606752,0.30784380,0.03370115,0.40039165
2026-05-20,META,0.31032605,0.31225205,0.30840005,-0.00538080,0.35462543
2026-05-20,MSFT,0.28906194,0.28910169,0.28902218,0.01418931,0.28696416
2026-05-20,NFLX,0.30945547,0.31143284,0.30747810,,0.24472371
2026-05-20,NVDA,0.44885375,0.45025066,0.44745683,-0.00495843,0.42862231
2026-05-20,ORCL,0.71969191,0.71160055,0.72778328,-0.01266207,0.52339066
2026-05-20,TSLA,0.44372439,0.44519184,0.44225693,0.00317898,0.39977890
2026-05-21,AAPL,0.22723963,0.22859147,0.22588779,,0.19526211
2026-05-21,AMZN,0.28891367,0.29147497,0.28635237,0.04147308,0.22797977
2026-05-21,GOOGL,0.29990404,0.29945147,0.30035662,0.01654052,0.39454604
2026-05-21,META,0.29971242,0.30262048,0.29680437,-0.00086771,0.35577214
2026-05-21,MSFT,0.28101053,0.28338565,0.27863540,-0.00862911,0.28264805
2026-05-21,NFLX,0.30212456,0.31854075,0.28570837,,0.23970599
2026-05-21,NVDA,0.38556933,0.38292339,0.38821526,0.00588156,0.43230400
2026-05-21,ORCL,0.70065073,0.70496371,0.69633776,-0.00832848,0.52024561
2026-05-21,TSLA,0.43536290,0.43678333,0.43394246,0.00250280,0.39449742
2026-05-22,AAPL,0.21800898,0.21867962,0.21733834,,0.18392141
2026-05-22,AMZN,0.28643196,0.28948050,0.28338343,0.04051986,0.22134033
2026-05-22,GOOGL,0.29154998,0.29237962,0.29072035,0.02426703,0.39642586
2026-05-22,META,0.29263883,0.29420989,0.29106777,0.00387942,0.35424734
2026-05-22,MSFT,0.26977042,0.27005087,0.26948997,-0.00656142,0.27277138
2026-05-22,NFLX,0.29567424,0.29809268,0.29325579,,0.23850594
2026-05-22,NVDA,0.37047694,0.36603780,0.37491608,0.01179019,0.43819609
2026-05-22,ORCL,0.67227561,0.67497698,0.66957423,-0.01771286,0.50903275
2026-05-22,TSLA,0.43862296,0.43889442,0.43835149,-0.01153659,0.39807422
2026-05-26,AAPL,0.22363437,0.22243312,0.22483562,,0.18229081
2026-05-26,AMZN,0.29856720,0.29737276,0.29976163,0.01801038,0.19431663
2026-05-26,GOOGL,0.30770453,0.30768048,0.30772857,0.01195934,0.40521961
2026-05-26,META,0.30863454,0.30572624,0.31154283,-0.02644936,0.34347852
2026-05-26,MSFT,0.28134370,0.28234952,0.28033788,-0.01465483,0.22958518
2026-05-26,NFLX,0.31458374,0.31619515,0.31297232,,0.24586313
2026-05-26,NVDA,0.38183351,0.37695318,0.38671383,-0.00107261,0.42206716
2026-05-26,ORCL,0.68828691,0.67999172,0.69658210,-0.02305331,0.46263626
2026-05-26,TSLA,0.44605340,0.44612423,0.44598257,-0.01045231,0.38243278
2026-05-27,AAPL,0.22476621,0.22480447,0.22472796,,0.16873579
2026-05-27,AMZN,0.30810932,0.30960534,0.30661329,-0.01449985,0.20691280
2026-05-27,GOOGL,0.29871366,0.30151945,0.29590787,0.02186248,0.40354903
2026-05-27,META,0.35276147,0.35530196,0.35022098,-0.04084062,0.37109775
2026-05-27,MSFT,0.28210421,0.28238151,0.28182691,-0.00051258,0.23087400
2026-05-27,NFLX,0.30994019,0.32952916,0.29035123,,0.24368445
2026-05-27,NVDA,0.37603860,0.37197719,0.38010002,0.00368541,0.40062220
2026-05-27,ORCL,0.66383803,0.65695893,0.67071712,-0.02579601,0.46543075
2026-05-27,TSLA,0.45330046,0.45491411,0.45168681,-0.01030914,0.38362049
2026-05-28,AAPL,0.21885786,0.21811730,0.21959842,,0.16809080
2026-05-28,AMZN,0.30430774,0.30815743,0.30045805,0.01588867,0.20608095
2026-05-28,GOOGL,0.28989597,0.29263834,0.28715361,0.01762656,0.40289913
2026-05-28,META,0.30903608,0.31109518,0.30697698,-0.02103483,0.37018422
2026-05-28,MSFT,0.29299468,0.29264256,0.29334679,-0.01453820,0.25891274
2026-05-28,NFLX,0.30745920,0.31206687,0.30285152,,0.24164903
2026-05-28,NVDA,0.37825302,0.37694837,0.37955766,-0.00787708,0.39776423
2026-05-28,ORCL,0.69706821,0.69875713,0.69537929,-0.05548402,0.47787713
2026-05-28,TSLA,0.43772966,0.44015267,0.43530665,-0.01370200,0.38036943
2026-05-29,AAPL,0.21479702,0.21421701,0.21537704,,0.16773282
2026-05-29,AMZN,0.29634958,0.29740814,0.29529103,0.02979590,0.20872717
2026-05-29,GOOGL,0.29271300,0.29784133,0.28758466,0.00670099,0.41647473
2026-05-29,META,0.31444518,0.31454975,0.31434060,-0.00333984,0.37022787
2026-05-29,MSFT,0.29780063,0.29494940,0.30065186,-0.01704511,0.31405844
2026-05-29,NFLX,0.31211545,0.32004072,0.30419019,,0.24159809
2026-05-29,NVDA,0.40480081,0.40759506,0.40200656,0.01105027,0.39564716
2026-05-29,ORCL,0.78683866,0.78571569,0.78796163,-0.05156467,0.56848974
2026-05-29,TSLA,0.41863413,0.41954649,0.41772177,-0.00905135,0.38399848
2026-06-01,AAPL,0.23315248,0.23409079,0.23221417,,0.16841175
2026-06-01,AMZN,0.31905617,0.32113342,0.31697892,0.00740351,0.24438658
2026-06-01,GOOGL,0.30077028,0.30386773,0.29767282,0.00482518,0.26144118
2026-06-01,META,0.36579574,0.36883717,0.36275431,-0.03339090,0.27511793
2026-06-01,MSFT,0.33350877,0.34074774,0.32626980,-0.00527512,0.28366875
2026-06-01,NFLX,0.33362809,0.34249160,0.32476457,,0.23261907
2026-06-01,NVDA,0.41641021,0.41333745,0.41948298,-0.02220736,0.41663216
2026-06-01,ORCL,0.85059506,0.84962167,0.85156845,-0.09475063,0.61551540
2026-06-01,TSLA,0.44655099,0.44858341,0.44451856,-0.00277487,0.42693537
2026-06-02,AAPL,0.23774675,0.23998089,0.23551261,,0.18415505
2026-06-02,AMZN,0.31037850,0.31481900,0.30593799,0.01035255,0.24535979
2026-06-02,GOOGL,0.31188201,0.31206860,0.31169543,-0.00184401,0.28700421
2026-06-02,META,0.34151763,0.34542678,0.33760849,-0.02429707,0.26851972
2026-06-02,MSFT,0.31218641,0.31450494,0.30986789,-0.00274186,0.32261338
2026-06-02,NFLX,0.34038704,0.35592431,0.32484976,,0.24435009
2026-06-02,NVDA,0.41132423,0.40925458,0.41339388,-0.00840292,0.40858113
2026-06-02,ORCL,0.80067001,0.81141124,0.78992878,-0.05251591,0.61063851
2026-06-02,TSLA,0.45589276,0.46031707,0.45146846,-0.00585303,0.41962646
2026-06-03,AAPL,0.24502872,0.25019102,0.23986643,,0.18927661
2026-06-03,AMZN,0.32428910,0.32751680,0.32106140,0.00081761,0.25088736
2026-06-03,GOOGL,0.31895753,0.32569895,0.31221611,0.01543409,0.28728759
2026-06-03,META,0.34828910,0.35132253,0.34525567,-0.01668258,0.30611795
2026-06-03,MSFT,0.30881970,0.31061572,0.30702368,-0.00435973,0.34478308
2026-06-03,NFLX,0.32618546,0.33068388,0.32168705,,0.25064389
2026-06-03,NVDA,0.40010032,0.39775509,0.40244555,-0.00268979,0.43406239
2026-06-03,ORCL,0.77558356,0.78925503,0.76191208,-0.05080224,0.65418752
2026-06-03,TSLA,0.46038900,0.46182314,0.45895486,-0.01491868,0.41984299
2026-06-04,AAPL,0.23486041,0.23800427,0.23171655,,0.17366825
2026-06-04,AMZN,0.31142770,0.31506730,0.30778811,0.00251795,0.25747114
2026-06-04,GOOGL,0.30991063,0.31690063,0.30292063,0.01829392,0.31331124
2026-06-04,META,0.32962452,0.33107570,0.32817334,-0.01392905,0.30465584
2026-06-04,MSFT,0.28795612,0.29400712,0.28190511,0.00004382,0.34382022
2026-06-04,NFLX,0.31950116,0.32398612,0.31501619,,0.22657138
2026-06-04,NVDA,0.38649104,0.39051043,0.38247164,0.00927923,0.43417599
2026-06-04,ORCL,0.76325504,0.77486211,0.75164797,-0.04758515,0.65362861
2026-06-04,TSLA,0.45602796,0.46079856,0.45125735,-0.00901931,0.42167438
2026-06-05,AAPL,0.24929105,0.25636003,0.24222208,,0.18100245
2026-06-05,AMZN,0.33606173,0.34448529,0.32763816,0.05091577,0.27209827
2026-06-05,GOOGL,0.31960364,0.31758988,0.32161740,0.03296414,0.29900301
2026-06-05,META,0.35672561,0.36023071,0.35322051,0.03644446,0.36234047
2026-06-05,MSFT,0.30112815,0.30718674,0.29506956,0.02839089,0.35759738
2026-06-05,NFLX,0.30583833,0.31277173,0.29890492,,0.22827311
2026-06-05,NVDA,0.41984509,0.42400698,0.41568319,0.06379642,0.45548502
2026-06-05,ORCL,0.76193075,0.75886684,0.76499466,-0.02312435,0.74745910
2026-06-05,TSLA,0.48996477,0.49600584,0.48392371,0.01688754,0.48123553
2026-06-08,AAPL,0.24242758,0.24945890,0.23539626,,0.19028142
2026-06-08,AMZN,0.32033718,0.32107813,0.31959623,0.02939730,0.27463392
2026-06-08,GOOGL,0.31336021,0.31789136,0.30882905,0.02609115,0.30553986
2026-06-08,META,0.34511549,0.34950268,0.34072829,0.01434946,0.37100956
2026-06-08,MSFT,0.30217554,0.30606829,0.29828280,0.01118209,0.36132355
2026-06-08,NFLX,0.31510523,0.31786692,0.31234354,,0.23524955
2026-06-08,NVDA,0.39451151,0.39752601,0.39149701,0.02824182,0.46229943
2026-06-08,ORCL,0.76604816,0.77759571,0.75450061,-0.01470022,0.76825500
2026-06-08,TSLA,0.47166669,0.47423836,0.46909502,0.00782430,0.48468657
2026-06-09,AAPL,0.25143627,0.25955719,0.24331535,,0.22854868
2026-06-09,AMZN,0.32410314,0.32859880,0.31960748,0.04374007,0.26770706
2026-06-09,GOOGL,0.31778005,0.32272892,0.31283119,0.04789445,0.29893199
2026-06-09,META,0.34133894,0.34698817,0.33568971,0.04215930,0.36162264
2026-06-09,MSFT,0.30285732,0.30060114,0.30511350,0.03601282,0.35901752
2026-06-09,NFLX,0.31267116,0.32483511,0.30050721,,0.23312016
2026-06-09,NVDA,0.39601456,0.38722976,0.40479935,-0.00679970,0.45059970
2026-06-09,ORCL,0.77296760,0.77044654,0.77548866,-0.02599043,0.75731014
2026-06-09,TSLA,0.48255469,0.48787140,0.47723798,0.02129903,0.48237031
2026-06-10,AAPL,0.25248291,0.26606281,0.23890300,,0.22892729
2026-06-10,AMZN,0.32601693,0.32999029,0.32204356,0.05532175,0.27559334
2026-06-10,GOOGL,0.32146444,0.32950069,0.31342819,0.05593987,0.29051536
2026-06-10,META,0.34437962,0.35049207,0.33826717,0.02682730,0.36531012
2026-06-10,MSFT,0.31429344,0.32671513,0.30187174,0.05613877,0.36191719
2026-06-10,NFLX,0.31361469,0.31511338,0.31211600,,0.22379021
2026-06-10,NVDA,0.41147521,0.42200356,0.40094685,0.07945900,0.46073622
2026-06-10,ORCL,0.79154954,0.82131502,0.76178406,-0.04485474,0.76088008
2026-06-10,TSLA,0.49380944,0.50079491,0.48682396,0.02662921,0.47188052
2026-06-11,AAPL,0.23463101,0.23429919,0.23496282,,0.23270731
2026-06-11,AMZN,0.32182028,0.32276791,0.32087264,0.03481947,0.28346440
2026-06-11,GOOGL,0.32255787,0.33153810,0.31357765,0.05236188,0.29183018
2026-06-11,META,0.34468323,0.34886245,0.34050401,0.00875868,0.36383813
2026-06-11,MSFT,0.32133592,0.32676684,0.31590500,0.01686505,0.36458628
2026-06-11,NFLX,0.33103595,0.34441920,0.31765269,,0.20113729
2026-06-11,NVDA,0.40152656,0.40460880,0.39844431,0.03612758,0.46844500
2026-06-11,ORCL,0.55972572,0.56281727,0.55663417,0.01413146,0.81402137
2026-06-11,TSLA,0.49381081,0.49699415,0.49062747,0.00084488,0.49956303
2026-06-12,AAPL,0.22449515,0.22640311,0.22258720,,0.23310936
2026-06-12,AMZN,0.31443063,0.31613284,0.31272842,0.03785408,0.27432433
2026-06-12,GOOGL,0.31165529,0.31206041,0.31125018,0.02256160,0.25073284
2026-06-12,META,0.33563967,0.33976655,0.33151279,0.01455095,0.35217692
2026-06-12,MSFT,0.30688859,0.30918372,0.30459347,-0.00685168,0.36437529
2026-06-12,NFLX,0.32597085,0.33205051,0.31989118,,0.20273793
2026-06-12,NVDA,0.37082944,0.37337883,0.36828006,0.02809022,0.45923932
2026-06-12,ORCL,0.53502090,0.54066557,0.52937624,0.00580259,0.81189030
2026-06-12,TSLA,0.48108861,0.48458704,0.47759019,-0.00441724,0.49359770
2026-06-15,AAPL,0.21898670,0.22138883,0.21658458,,0.24730178
2026-06-15,AMZN,0.29906395,0.30367963,0.29444826,0.02881349,0.30805612
2026-06-15,GOOGL,0.30673259,0.30714733,0.30631786,0.00672330,0.27996584
2026-06-15,META,0.32849295,0.33099730,0.32598860,-0.00242986,0.40285335
2026-06-15,MSFT,0.30405747,0.30848753,0.29962740,-0.00514908,0.36362772
2026-06-15,NFLX,0.37482547,0.37660172,0.37304921,,0.21947207
2026-06-15,NVDA,0.36647863,0.37077931,0.36217796,0.01645547,0.43580205
2026-06-15,ORCL,0.53117526,0.53039268,0.53195784,-0.00456711,0.84070855
2026-06-15,TSLA,0.44338263,0.44529529,0.44146996,-0.00077949,0.48097764
2026-06-16,AAPL,0.21463842,0.21840121,0.21087563,,0.24356952
2026-06-16,AMZN,0.30243189,0.30870791,0.29615588,0.03116628,0.30049676
2026-06-16,GOOGL,0.30341428,0.30724117,0.29958739,0.02615667,0.27718669
2026-06-16,META,0.33007068,0.33239471,0.32774664,0.00514026,0.39520723
2026-06-16,MSFT,0.29570019,0.30076060,0.29063979,-0.00791664,0.35699563
2026-06-16,NFLX,0.42248764,0.42752844,0.41744683,,0.24355854
2026-06-16,NVDA,0.35811406,0.36211586,0.35411226,0.03752973,0.43102515
2026-06-16,ORCL,0.52007857,0.52555106,0.51460608,0.00292900,0.82313532
2026-06-16,TSLA,0.42567982,0.43039845,0.42096119,0.00564475,0.47151190
2026-06-17,AAPL,0.22740710,0.22991277,0.22490143,,0.24503768
2026-06-17,AMZN,0.31324338,0.31697658,0.30951017,0.02268488,0.31888718
2026-06-17,GOOGL,0.30979988,0.31389740,0.30570236,0.02627425,0.28780610
2026-06-17,META,0.34400122,0.34902162,0.33898082,0.00407918,0.43856066
2026-06-17,MSFT,0.31196515,0.31588940,0.30804090,-0.01199020,0.37626318
2026-06-17,NFLX,0.43912753,0.44166438,0.43659069,,0.21597222
2026-06-17,NVDA,0.36688980,0.36997770,0.36380189,0.03984549,0.43102253
2026-06-17,ORCL,0.51362436,0.51474063,0.51250810,0.00805132,0.81979987
2026-06-17,TSLA,0.43515277,0.43862618,0.43167935,0.02019474,0.46603509
2026-06-18,AAPL,0.21901716,0.22261554,0.21541877,,0.24594134
2026-06-18,AMZN,0.30880016,0.31214954,0.30545079,0.02364878,0.33379980
2026-06-18,GOOGL,0.30988969,0.31269014,0.30708925,0.02775820,0.28353038
2026-06-18,META,0.33624764,0.33915462,0.33334066,0.02239570,0.44218223
2026-06-18,MSFT,0.29723774,0.29850759,0.29596789,0.00652035,0.37530220
2026-06-18,NFLX,0.43977873,0.44408138,0.43547609,,0.22013419
2026-06-18,NVDA,0.35814001,0.35400848,0.36227154,0.02922887,0.44551527
2026-06-18,ORCL,0.50809079,0.51414464,0.50203694,0.01785395,0.81390493
2026-06-18,TSLA,0.42282648,0.42640548,0.41924749,0.01172656,0.46533360
2026-06-22,AAPL,0.22874915,0.23811552,0.21938278,,0.24751840
2026-06-22,AMZN,0.33040831,0.34236561,0.31845102,0.04835023,0.36895760
2026-06-22,GOOGL,0.34027362,0.33960559,0.34094165,0.01400794,0.34543549
2026-06-22,META,0.34777186,0.35377258,0.34177114,0.02457513,0.46996564
2026-06-22,MSFT,0.31611837,0.32252667,0.30971007,0.01403403,0.40397157
2026-06-22,NFLX,0.46545966,0.47406744,0.45685188,,0.28901602
2026-06-22,NVDA,0.35217809,0.35708382,0.34727236,0.03680474,0.45885838
2026-06-22,ORCL,0.53453379,0.54605195,0.52301563,0.02384366,0.86329544
2026-06-22,TSLA,0.45532696,0.45967587,0.45097804,0.01319523,0.47005008
2026-06-23,AAPL,0.23812644,0.25007984,0.22617303,,0.24223650
2026-06-23,AMZN,0.32673077,0.33346241,0.31999912,0.03612223,0.36195159
2026-06-23,GOOGL,0.33219571,0.34626957,0.31812184,0.03895224,0.33677825
2026-06-23,META,0.34622782,0.35493719,0.33751846,0.03769474,0.45745033
2026-06-23,MSFT,0.31637326,0.32571445,0.30703208,0.03562635,0.40283734
2026-06-23,NFLX,0.44738333,0.45391608,0.44085059,,0.28330308
2026-06-23,NVDA,0.37576257,0.38344206,0.36808308,0.05789355,0.46923325
2026-06-23,ORCL,0.53648217,0.54421373,0.52875061,0.01222653,0.86137749
2026-06-23,TSLA,0.47323997,0.47820001,0.46827992,0.01989672,0.50019245
2026-06-24,AAPL,0.24118951,0.24886121,0.23351781,,0.23618041
2026-06-24,AMZN,0.33397741,0.34909708,0.31885775,0.03913920,0.35364997
2026-06-24,GOOGL,0.36949460,0.36438839,0.37460081,0.02188966,0.32837409
2026-06-24,META,0.35027438,0.35611398,0.34443478,0.02122133,0.44608627
2026-06-24,MSFT,0.34380280,0.34909019,0.33851542,0.01370167,0.39718504
2026-06-24,NFLX,0.46453321,0.47241548,0.45665094,,0.27643380
2026-06-24,NVDA,0.37721613,0.38597219,0.36846006,0.03651130,0.45738504
2026-06-24,ORCL,0.56337213,0.57497599,0.55176826,0.02064805,0.85078337
2026-06-24,TSLA,0.47573306,0.47890703,0.47255909,0.02562856,0.48889714
2026-06-25,AAPL,0.28503464,0.28573500,0.28433427,,0.31595643
2026-06-25,AMZN,0.35540826,0.35383252,0.35698401,0.01444072,0.36422650
2026-06-25,GOOGL,0.35841664,0.37357415,0.34325913,0.02876050,0.32006606
2026-06-25,META,0.37308033,0.38046662,0.36569404,0.03988783,0.45184900
2026-06-25,MSFT,0.37204300,0.37447434,0.36961167,-0.00798490,0.40942863
2026-06-25,NFLX,0.46389750,0.48100655,0.44678845,,0.27665223
2026-06-25,NVDA,0.37972143,0.38811721,0.37132565,0.04069699,0.45947626
2026-06-25,ORCL,0.55409682,0.57370829,0.53448536,0.05250128,0.85272361
2026-06-25,TSLA,0.46311306,0.47001873,0.45620740,0.03074735,0.48173765
2026-06-26,AAPL,0.27115226,0.25265635,0.28964817,,0.33735417
2026-06-26,AMZN,0.35369528,0.33035995,0.37703061,-0.01978388,0.36454297
2026-06-26,GOOGL,0.36373810,0.37098651,0.35648968,0.00448855,0.32227425
2026-06-26,META,0.37302536,0.38038199,0.36566873,0.03089901,0.43104612
2026-06-26,MSFT,0.38147926,0.38792137,0.37503716,-0.01916004,0.46452292
2026-06-26,NFLX,0.46071587,0.46556200,0.45586973,,0.32679775
2026-06-26,NVDA,0.37135015,0.36729229,0.37540801,0.01265857,0.46094942
2026-06-26,ORCL,0.54126567,0.55258966,0.52994168,0.04146202,0.85427464
2026-06-26,TSLA,0.46772809,0.46270186,0.47275431,0.01217733,0.47992146
2026-06-29,AAPL,0.27983774,0.28590197,0.27377351,,0.34409179
2026-06-29,AMZN,0.38006716,0.39155110,0.36858322,0.04037581,0.39498861
2026-06-29,GOOGL,0.38270075,0.38903458,0.37636692,0.03764348,0.37303274
2026-06-29,META,0.41816699,0.42836972,0.40796426,0.04324577,0.45362067
2026-06-29,MSFT,0.42192494,0.42670675,0.41714313,-0.01002801,0.39520101
2026-06-29,NFLX,0.47594656,0.48478278,0.46711033,,0.33583204
2026-06-29,NVDA,0.37620875,0.38311158,0.36930592,0.03985171,0.47340357
2026-06-29,ORCL,0.56185955,0.57465963,0.54905946,0.02146475,0.70244872
2026-06-29,TSLA,0.48067132,0.48573008,0.47561256,0.02054179,0.58202904
2026-06-30,AAPL,0.27832240,0.28174755,0.27489724,,0.35300447
2026-06-30,AMZN,0.39377423,0.40122986,0.38631859,0.01966942,0.38502450
2026-06-30,GOOGL,0.37642898,0.38454647,0.36831150,0.03713787,0.36684038
2026-06-30,META,0.43795732,0.44753581,0.42837884,0.03218220,0.44280639
2026-06-30,MSFT,0.40833375,0.41574501,0.40092248,0.02095633,0.39266696
2026-06-30,NFLX,0.47363974,0.48248468,0.46479480,,0.33869350
2026-06-30,NVDA,0.37455411,0.37614971,0.37295851,0.04684645,0.47285982
2026-06-30,ORCL,0.57318070,0.58965986,0.55670153,0.02473322,0.68613627
2026-06-30,TSLA,0.46627486,0.46871616,0.46383357,0.01910735,0.57328815
2026-07-01,AAPL,0.28604907,0.29092544,0.28117271,,0.35560795
2026-07-01,AMZN,0.39758319,0.41069116,0.38447523,0.04014343,0.37562464
2026-07-01,GOOGL,0.38358639,0.38230424,0.38486854,0.02261649,0.36867660
2026-07-01,META,0.46412570,0.46976747,0.45848394,0.00331630,0.50940695
2026-07-01,MSFT,0.42032021,0.42159001,0.41905041,0.00248582,0.40061980
2026-07-01,NFLX,0.46979346,0.46582022,0.47376670,,0.37578326
2026-07-01,NVDA,0.37941954,0.38486640,0.37397268,0.04734281,0.41385111
2026-07-01,ORCL,0.57038451,0.58713181,0.55363722,0.02157326,0.54377312
2026-07-01,TSLA,0.45553803,0.45976442,0.45131164,0.01989587,0.55055902
2026-07-02,AAPL,0.28450574,0.28293483,0.28607666,,0.38076311
2026-07-02,AMZN,0.39953395,0.40143506,0.39763284,0.03327500,0.37263529
2026-07-02,GOOGL,0.39249400,0.39207751,0.39291048,0.01867087,0.34286224
2026-07-02,META,0.46602151,0.46928997,0.46275305,0.00586473,0.53934664
2026-07-02,MSFT,0.41640148,0.41048308,0.42231988,-0.00398004,0.38927017
2026-07-02,NFLX,0.47842831,0.48572348,0.47113315,,0.40743449
2026-07-02,NVDA,0.39127431,0.38637956,0.39616906,0.04770657,0.41477981
2026-07-02,ORCL,0.59107314,0.59201633,0.59012995,0.01456686,0.54343700
2026-07-02,TSLA,0.46820156,0.46295771,0.47344541,0.00740366,0.60995459
2026-07-06,AAPL,0.28277476,0.28604109,0.27950843,,0.39708926
2026-07-06,AMZN,0.43052089,0.43592191,0.42511987,0.02597335,0.36188732
2026-07-06,GOOGL,0.40292653,0.40814448,0.39770858,0.02484140,0.33861894
2026-07-06,META,0.47884313,0.48604691,0.47163934,-0.00346568,0.51547606
2026-07-06,MSFT,0.43788812,0.44114960,0.43462664,-0.00744921,0.38841520
2026-07-06,NFLX,0.48072273,0.48338523,0.47806023,,0.42666185
2026-07-06,NVDA,0.39271552,0.39626568,0.38916536,0.04751064,0.34626131
2026-07-06,ORCL,0.58905278,0.59398747,0.58411810,-0.00471730,0.47429530
2026-07-06,TSLA,0.48173522,0.48500084,0.47846960,0.01312315,0.63671804
2026-07-07,AAPL,0.28458548,0.28559397,0.28357698,,0.38737085
2026-07-07,AMZN,0.43519765,0.43620452,0.43419077,0.02534558,0.35332957
2026-07-07,GOOGL,0.39366398,0.39957239,0.38775557,0.02707231,0.32965070
2026-07-07,META,0.48780213,0.49068321,0.48492105,0.01641428,0.50918613
2026-07-07,MSFT,0.43277831,0.43576689,0.42978974,0.00219491,0.37950608
2026-07-07,NFLX,0.49817626,0.51573099,0.48062154,,0.41586551
2026-07-07,NVDA,0.41141069,0.41404283,0.40877855,0.03050290,0.33872365
2026-07-07,ORCL,0.60970614,0.60147244,0.61793984,-0.01408040,0.46209153
2026-07-07,TSLA,0.48937891,0.49272029,0.48603752,0.01761475,0.63977405
2026-07-08,AAPL,0.28142697,0.28308213,0.27977181,,0.38124601
2026-07-08,AMZN,0.43534361,0.44078515,0.42990207,0.03210526,0.35482651
2026-07-08,GOOGL,0.39853439,0.40159207,0.39547670,0.02407487,0.32984848
2026-07-08,META,0.49329949,0.49874897,0.48785001,0.00865720,0.51278515
2026-07-08,MSFT,0.43038013,0.43154686,0.42921340,0.00792445,0.38028808
2026-07-08,NFLX,0.48739557,0.49463446,0.48015668,,0.41457360
2026-07-08,NVDA,0.41702984,0.42196555,0.41209412,0.05586851,0.35872374
2026-07-08,ORCL,0.61496978,0.61845515,0.61148442,-0.01221207,0.46239822
2026-07-08,TSLA,0.48598950,0.48787925,0.48409976,0.00137851,0.62353938
2026-07-09,AAPL,0.27780655,0.27687612,0.27873697,,0.35266163
2026-07-09,AMZN,0.44316867,0.44793185,0.43840550,0.02079364,0.35802733
2026-07-09,GOOGL,0.39734509,0.39372388,0.40096630,0.01785872,0.33092371
2026-07-09,META,0.54373685,0.54816118,0.53931251,-0.00951833,0.53620407
2026-07-09,MSFT,0.43152229,0.43456711,0.42847746,-0.00554168,0.37550991
2026-07-09,NFLX,0.48852283,0.48953732,0.48750835,,0.41278160
2026-07-09,NVDA,0.39867149,0.39931399,0.39802898,0.04447710,0.35924177
2026-07-09,ORCL,0.60138701,0.59974844,0.60302557,-0.00263836,0.48976595
2026-07-09,TSLA,0.47878302,0.48013463,0.47743141,0.00481888,0.62443488
