Date,Ticker,Low,High,Prev. Close
12/1/2025,MSFT ,466,499,492
12/1/2025,AAPL ,270,283,279
12/1/2025,AMZN ,216,237,233
12/1/2025,META ,566,655,648
12/1/2025,GOOGL ,301,337,320
12/1/2025,NFLX ,101,111,108
12/1/2025,TSLA ,392,440,430
12/1/2025,NVDA ,172,185,177
12/1/2025,ORCL ,186,220,202
12/2/2025,MSFT ,466,497,487
12/2/2025,AAPL ,275,286,283
12/2/2025,AMZN ,217,238,234
12/2/2025,META ,568,657,641
12/2/2025,GOOGL ,304,336,315
12/2/2025,NFLX ,100,112,109
12/2/2025,TSLA ,391,444,430
12/2/2025,NVDA ,173,186,180
12/2/2025,ORCL ,185,210,201
12/3/2025,MSFT ,467,498,490
12/3/2025,AAPL ,276,290,286
12/3/2025,AMZN ,218,240,234
12/3/2025,META ,588,670,647
12/3/2025,GOOGL ,306,336,316
12/3/2025,NFLX ,101,112,109
12/3/2025,TSLA ,392,446,429
12/3/2025,NVDA ,174,187,181
12/3/2025,ORCL ,186,209,201
12/4/2025,MSFT ,465,492,478
12/4/2025,AAPL ,277,291,284
12/4/2025,AMZN ,218,241,232
12/4/2025,META ,583,657,640
12/4/2025,GOOGL ,311,337,320
12/4/2025,NFLX ,99,109,104
12/4/2025,TSLA ,406,461,447
12/4/2025,NVDA ,175,185,180
12/4/2025,ORCL ,190,211,208
12/5/2025,MSFT ,467,495,481
12/5/2025,AAPL ,275,290,281
12/5/2025,AMZN ,220,240,229
12/5/2025,META ,599,679,662
12/5/2025,GOOGL ,307,333,318
12/5/2025,NFLX ,98,109,103
12/5/2025,TSLA ,408,462,455
12/5/2025,NVDA ,176,186,183
12/5/2025,ORCL ,192,223,214
12/8/2025,MSFT ,469,494,483
12/8/2025,AAPL ,273,288,279
12/8/2025,AMZN ,223,238,230
12/8/2025,META ,608,680,673
12/8/2025,GOOGL ,311,330,321
12/8/2025,NFLX ,97,108,100
12/8/2025,TSLA ,419,463,455
12/8/2025,NVDA ,176,186,182
12/8/2025,ORCL ,188,224,218
12/9/2025,MSFT ,472,496,491
12/9/2025,AAPL ,273,287,278
12/9/2025,AMZN ,224,237,227
12/9/2025,META ,620,681,667
12/9/2025,GOOGL ,311,328,314
12/9/2025,NFLX ,93,105,97
12/9/2025,TSLA ,420,463,440
12/9/2025,NVDA ,179,194,186
12/9/2025,ORCL ,187,229,221
12/10/2025,MSFT ,474,497,492
12/10/2025,AAPL ,274,288,277
12/10/2025,AMZN ,224,236,228
12/10/2025,META ,623,679,657
12/10/2025,GOOGL ,310,326,317
12/10/2025,NFLX ,93,103,97
12/10/2025,TSLA ,425,462,445
12/10/2025,NVDA ,180,190,185
12/10/2025,ORCL ,188,231,222
12/11/2025,MSFT ,470,493,479
12/11/2025,AAPL ,274,288,279
12/11/2025,AMZN ,225,238,232
12/11/2025,META ,628,677,650
12/11/2025,GOOGL ,311,326,320
12/11/2025,NFLX ,90,99,93
12/11/2025,TSLA ,429,465,451
12/11/2025,NVDA ,177,189,184
12/11/2025,ORCL ,188,224,223
12/12/2025,MSFT ,471,492,483
12/12/2025,AAPL ,273,287,278
12/12/2025,AMZN ,225,237,230
12/12/2025,META ,627,674,653
12/12/2025,GOOGL ,310,325,312
12/12/2025,NFLX ,88,98,94
12/12/2025,TSLA ,434,465,447
12/12/2025,NVDA ,176,186,181
12/12/2025,ORCL ,187,212,199
12/15/2025,MSFT ,471,491,479
12/15/2025,AAPL ,273,287,278
12/15/2025,AMZN ,222,236,226
12/15/2025,META ,629,672,644
12/15/2025,GOOGL ,307,324,309
12/15/2025,NFLX ,87,99,95
12/15/2025,TSLA ,436,468,459
12/15/2025,NVDA ,171,183,175
12/15/2025,ORCL ,185,210,190
12/16/2025,MSFT ,469,489,475
12/16/2025,AAPL ,272,286,274
12/16/2025,AMZN ,217,232,223
12/16/2025,META ,631,672,648
12/16/2025,GOOGL ,305,325,308
12/16/2025,NFLX ,87,97,94
12/16/2025,TSLA ,439,480,475
12/16/2025,NVDA ,172,183,176
12/16/2025,ORCL ,180,207,185
12/17/2025,MSFT ,469,487,476
12/17/2025,AAPL ,272,283,275
12/17/2025,AMZN ,219,231,223
12/17/2025,META ,634,675,657
12/17/2025,GOOGL ,303,325,307
12/17/2025,NFLX ,88,98,95
12/17/2025,TSLA ,458,500,490
12/17/2025,NVDA ,172,182,178
12/17/2025,ORCL ,175,205,189
12/18/2025,MSFT ,467,485,476
12/18/2025,AAPL ,270,282,272
12/18/2025,AMZN ,216,228,221
12/18/2025,META ,635,673,650
12/18/2025,GOOGL ,291,329,297
12/18/2025,NFLX ,89,99,95
12/18/2025,TSLA ,445,590,467
12/18/2025,NVDA ,166,179,171
12/18/2025,ORCL ,166,199,178
12/19/2025,MSFT ,468,491,484
12/19/2025,AAPL ,270,283,272
12/19/2025,AMZN ,217,230,227
12/19/2025,META ,637,674,664
12/19/2025,GOOGL ,293,326,302
12/19/2025,NFLX ,90,98,94
12/19/2025,TSLA ,461,501,483
12/19/2025,NVDA ,167,181,174
12/19/2025,ORCL ,165,199,180
12/22/2025,MSFT ,469,492,486
12/22/2025,AAPL ,270,282,274
12/22/2025,AMZN ,218,232,227
12/22/2025,META ,639,675,659
12/22/2025,GOOGL ,296,324,307
12/22/2025,NFLX ,90,98,94
12/22/2025,TSLA ,455,501,481
12/22/2025,NVDA ,169,185,181
12/22/2025,ORCL ,163,208,192
12/23/2025,MSFT ,470,490,485
12/23/2025,AAPL ,267,281,271
12/23/2025,AMZN ,218,234,228
12/23/2025,META ,639,676,662
12/23/2025,GOOGL ,296,323,310
12/23/2025,NFLX ,90,97,93
12/23/2025,TSLA ,456,505,489
12/23/2025,NVDA ,170,187,184
12/23/2025,ORCL ,165,209,198
12/24/2025,MSFT ,471,491,487
12/24/2025,AAPL ,268,280,272
12/24/2025,AMZN ,221,235,232
12/24/2025,META ,640,675,665
12/24/2025,GOOGL ,297,323,314
12/24/2025,NFLX ,91,96,94
12/24/2025,TSLA ,457,505,486
12/24/2025,NVDA ,171,192,189
12/24/2025,ORCL ,172,205,195
12/26/2025,MSFT ,470,493,488
12/26/2025,AAPL ,268,279,274
12/26/2025,AMZN ,222,237,232
12/26/2025,META ,643,676,668
12/26/2025,GOOGL ,298,321,314
12/26/2025,NFLX ,91,96,94
12/26/2025,TSLA ,467,503,485
12/26/2025,NVDA ,179,193,189
12/26/2025,ORCL ,173,204,197
12/29/2025,MSFT ,471,494,488
12/29/2025,AAPL ,269,277,273
12/29/2025,AMZN ,221,237,233
12/29/2025,META ,644,675,663
12/29/2025,GOOGL ,296,322,314
12/29/2025,NFLX ,91,96,94
12/29/2025,TSLA ,465,500,475
12/29/2025,NVDA ,177,193,191
12/29/2025,ORCL ,174,204,198
12/30/2025,MSFT ,473,493,487
12/30/2025,AAPL ,270,278,274
12/30/2025,AMZN ,222,238,232
12/30/2025,META ,646,673,659
12/30/2025,GOOGL ,297,323,314
12/30/2025,NFLX ,92,96,94
12/30/2025,TSLA ,456,501,460
12/30/2025,NVDA ,179,197,188
12/30/2025,ORCL ,174,203,195
12/31/2025,MSFT ,474,492,487
12/31/2025,AAPL ,270,277,273
12/31/2025,AMZN ,223,237,233
12/31/2025,META ,649,674,666
12/31/2025,GOOGL ,300,323,314
12/31/2025,NFLX ,92,95,94
12/31/2025,TSLA ,450,489,454
12/31/2025,NVDA ,181,198,188
12/31/2025,ORCL ,175,204,197
1/2/2026,MSFT ,479,490,484
1/2/2026,AAPL ,270,276,272
1/2/2026,AMZN ,225,236,231
1/2/2026,META ,652,674,660
1/2/2026,GOOGL ,301,323,313
1/2/2026,NFLX ,92,95,94
1/2/2026,TSLA ,445,489,450
1/2/2026,NVDA ,180,196,187
1/2/2026,ORCL ,180,205,195
1/5/2026,MSFT ,470,485,473
1/5/2026,AAPL ,270,276,271
1/5/2026,AMZN ,224,236,227
1/5/2026,META ,648,667,650
1/5/2026,GOOGL ,305,323,315
1/5/2026,NFLX ,89,94,91
1/5/2026,TSLA ,431,488,438
1/5/2026,NVDA ,180,196,189
1/5/2026,ORCL ,181,196,196
1/6/2026,MSFT ,470,484,473
1/6/2026,AAPL ,265,277,267
1/6/2026,AMZN ,226,238,233
1/6/2026,META ,648,671,659
1/6/2026,GOOGL ,308,324,317
1/6/2026,NFLX ,88,93,91
1/6/2026,TSLA ,431,490,452
1/6/2026,NVDA ,182,195,188
1/6/2026,ORCL ,186,199,193
1/7/2026,MSFT ,469,486,479
1/7/2026,AAPL ,260,273,262
1/7/2026,AMZN ,229,243,241
1/7/2026,META ,649,672,661
1/7/2026,GOOGL ,310,321,314
1/7/2026,NFLX ,88,93,91
1/7/2026,TSLA ,421,459,433
1/7/2026,NVDA ,183,194,187
1/7/2026,ORCL ,189,199,194
1/8/2026,MSFT ,469,488,483
1/8/2026,AAPL ,257,269,260
1/8/2026,AMZN ,232,244,242
1/8/2026,META ,645,667,649
1/8/2026,GOOGL ,311,323,322
1/8/2026,NFLX ,88,96,91
1/8/2026,TSLA ,416,453,431
1/8/2026,NVDA ,185,193,189
1/8/2026,ORCL ,189,199,193
1/9/2026,MSFT ,468,488,478
1/9/2026,AAPL ,254,268,259
1/9/2026,AMZN ,234,249,246
1/9/2026,META ,641,660,646
1/9/2026,GOOGL ,311,329,325
1/9/2026,NFLX ,88,95,91
1/9/2026,TSLA ,418,459,436
1/9/2026,NVDA ,183,192,185
1/9/2026,ORCL ,186,198,190
1/12/2026,MSFT ,467,488,479
1/12/2026,AAPL ,252,268,259
1/12/2026,AMZN ,234,251,247
1/12/2026,META ,641,668,653
1/12/2026,GOOGL ,313,331,329
1/12/2026,NFLX ,87,94,89
1/12/2026,TSLA ,422,458,445
1/12/2026,NVDA ,182,192,185
1/12/2026,ORCL ,186,201,199
1/13/2026,MSFT ,467,485,477
1/13/2026,AAPL ,252,269,260
1/13/2026,AMZN ,235,253,246
1/13/2026,META ,638,661,642
1/13/2026,GOOGL ,315,335,332
1/13/2026,NFLX ,87,93,89
1/13/2026,TSLA ,425,460,449
1/13/2026,NVDA ,182,190,185
1/13/2026,ORCL ,184,208,205
1/14/2026,MSFT ,466,485,471
1/14/2026,AAPL ,253,268,261
1/14/2026,AMZN ,234,254,243
1/14/2026,META ,629,653,631
1/14/2026,GOOGL ,322,341,336
1/14/2026,NFLX ,87,93,90
1/14/2026,TSLA ,430,458,447
1/14/2026,NVDA ,183,191,186
1/14/2026,ORCL ,185,207,202
1/15/2026,MSFT ,456,476,459
1/15/2026,AAPL ,251,267,260
1/15/2026,AMZN ,231,251,237
1/15/2026,META ,611,648,616
1/15/2026,GOOGL ,318,344,336
1/15/2026,NFLX ,86,92,89
1/15/2026,TSLA ,426,455,439
1/15/2026,NVDA ,181,190,183
1/15/2026,ORCL ,185,198,194
1/16/2026,MSFT ,453,471,457
1/16/2026,AAPL ,252,266,258
1/16/2026,AMZN ,232,252,238
1/16/2026,META ,608,647,621
1/16/2026,GOOGL ,319,345,333
1/16/2026,NFLX ,86,91,88
1/16/2026,TSLA ,424,455,439
1/16/2026,NVDA ,183,191,187
1/16/2026,ORCL ,182,199,190
1/20/2026,MSFT ,450,471,460
1/20/2026,AAPL ,250,261,256
1/20/2026,AMZN ,230,250,239
1/20/2026,META ,603,644,620
1/20/2026,GOOGL ,315,342,330
1/20/2026,NFLX ,84,93,88
1/20/2026,TSLA ,420,450,438
1/20/2026,NVDA ,180,190,186
1/20/2026,ORCL ,181,198,191
1/21/2026,MSFT ,445,470,455
1/21/2026,AAPL ,245,257,247
1/21/2026,AMZN ,228,252,231
1/21/2026,META ,596,635,604
1/21/2026,GOOGL ,315,340,322
1/21/2026,NFLX ,80,90,87
1/21/2026,TSLA ,411,446,419
1/21/2026,NVDA ,171,186,178
1/21/2026,ORCL ,174,194,180
1/22/2026,MSFT ,440,466,444
1/22/2026,AAPL ,244,256,248
1/22/2026,AMZN ,228,247,231
1/22/2026,META ,594,639,613
1/22/2026,GOOGL ,322,341,328
1/22/2026,NFLX ,81,89,85
1/22/2026,TSLA ,413,444,431
1/22/2026,NVDA ,177,187,183
1/22/2026,ORCL ,171,190,174
1/23/2026,MSFT ,436,469,451
1/23/2026,AAPL ,242,256,248
1/23/2026,AMZN ,226,247,234
1/23/2026,META ,594,661,648
1/23/2026,GOOGL ,321,339,331
1/23/2026,NFLX ,81,88,84
1/23/2026,TSLA ,419,467,449
1/23/2026,NVDA ,178,190,185
1/23/2026,ORCL ,168,189,178
1/26/2026,MSFT ,439,472,466
1/26/2026,AAPL ,240,258,248
1/26/2026,AMZN ,229,248,239
1/26/2026,META ,592,664,659
1/26/2026,GOOGL ,320,340,328
1/26/2026,NFLX ,82,89,86
1/26/2026,TSLA ,420,464,449
1/26/2026,NVDA ,179,191,188
1/26/2026,ORCL ,165,188,177
1/27/2026,MSFT ,440,475,470
1/27/2026,AAPL ,243,260,255
1/27/2026,AMZN ,229,246,238
1/27/2026,META ,590,677,672
1/27/2026,GOOGL ,322,342,333
1/27/2026,NFLX ,82,89,86
1/27/2026,TSLA ,418,451,435
1/27/2026,NVDA ,179,191,186
1/27/2026,ORCL ,165,191,182
1/28/2026,MSFT ,444,484,481
1/28/2026,AAPL ,242,263,258
1/28/2026,AMZN ,231,249,245
1/28/2026,META ,591,681,673
1/28/2026,GOOGL ,323,342,335
1/28/2026,NFLX ,82,88,86
1/28/2026,TSLA ,414,449,431
1/28/2026,NVDA ,180,193,189
1/28/2026,ORCL ,166,190,175
1/29/2026,MSFT ,432,483,482
1/29/2026,AAPL ,241,261,256
1/29/2026,AMZN ,232,249,243
1/29/2026,META ,605,730,669
1/29/2026,GOOGL ,324,346,336
1/29/2026,NFLX ,81,88,85
1/29/2026,TSLA ,421,467,431
1/29/2026,NVDA ,183,196,192
1/29/2026,ORCL ,166,189,173
1/30/2026,MSFT ,426,461,434
1/30/2026,AAPL ,242,262,258
1/30/2026,AMZN ,231,249,242
1/30/2026,META ,664,758,738
1/30/2026,GOOGL ,325,345,338
1/30/2026,NFLX ,81,87,83
1/30/2026,TSLA ,392,442,417
1/30/2026,NVDA ,183,197,193
1/30/2026,ORCL ,163,182,169
2/2/2026,MSFT ,420,458,430
2/2/2026,AAPL ,244,262,259
2/2/2026,AMZN ,231,247,239
2/2/2026,META ,660,750,717
2/2/2026,GOOGL ,324,344,338
2/2/2026,NFLX ,81,87,83
2/2/2026,TSLA ,399,448,430
2/2/2026,NVDA ,182,195,191
2/2/2026,ORCL ,160,181,165
2/3/2026,MSFT ,410,453,423
2/3/2026,AAPL ,246,274,270
2/3/2026,AMZN ,232,248,243
2/3/2026,META ,663,747,706
2/3/2026,GOOGL ,325,350,344
2/3/2026,NFLX ,80,86,83
2/3/2026,TSLA ,408,445,422
2/3/2026,NVDA ,180,194,186
2/3/2026,ORCL ,156,182,160
2/4/2026,MSFT ,396,448,411
2/4/2026,AAPL ,258,274,269
2/4/2026,AMZN ,233,247,239
2/4/2026,META ,667,744,692
2/4/2026,GOOGL ,326,349,340
2/4/2026,NFLX ,77,84,80
2/4/2026,TSLA ,406,438,422
2/4/2026,NVDA ,176,186,180
2/4/2026,ORCL ,151,169,155
2/5/2026,MSFT ,391,442,414
2/5/2026,AAPL ,261,281,276
2/5/2026,AMZN ,228,249,233
2/5/2026,META ,643,739,669
2/5/2026,GOOGL ,323,347,333
2/5/2026,NFLX ,78,84,80
2/5/2026,TSLA ,393,430,406
2/5/2026,NVDA ,171,185,174
2/5/2026,ORCL ,141,165,147
2/6/2026,MSFT ,371,436,394
2/6/2026,AAPL ,262,282,276
2/6/2026,AMZN ,201,237,223
2/6/2026,META ,642,738,670
2/6/2026,GOOGL ,325,345,331
2/6/2026,NFLX ,77,84,81
2/6/2026,TSLA ,393,428,397
2/6/2026,NVDA ,169,183,172
2/6/2026,ORCL ,133,160,136
2/9/2026,MSFT ,370,431,401
2/9/2026,AAPL ,264,285,278
2/9/2026,AMZN ,202,232,210
2/9/2026,META ,635,710,661
2/9/2026,GOOGL ,320,345,323
2/9/2026,NFLX ,77,85,82
2/9/2026,TSLA ,394,430,411
2/9/2026,NVDA ,170,192,185
2/9/2026,ORCL ,131,159,143
2/10/2026,MSFT ,372,434,414
2/10/2026,AAPL ,265,285,275
2/10/2026,AMZN ,201,230,209
2/10/2026,META ,640,737,677
2/10/2026,GOOGL ,320,349,324
2/10/2026,NFLX ,78,84,81
2/10/2026,TSLA ,392,431,417
2/10/2026,NVDA ,172,193,190
2/10/2026,ORCL ,131,169,157
2/11/2026,MSFT ,387,435,413
2/11/2026,AAPL ,265,285,274
2/11/2026,AMZN ,197,226,207
2/11/2026,META ,638,711,671
2/11/2026,GOOGL ,312,349,319
2/11/2026,NFLX ,78,85,82
2/11/2026,TSLA ,396,435,425
2/11/2026,NVDA ,175,195,189
2/11/2026,ORCL ,132,170,160
2/12/2026,MSFT ,388,430,404
2/12/2026,AAPL ,267,284,276
2/12/2026,AMZN ,191,221,204
2/12/2026,META ,642,701,669
2/12/2026,GOOGL ,305,345,311
2/12/2026,NFLX ,76,84,80
2/12/2026,TSLA ,395,436,428
2/12/2026,NVDA ,172,193,190
2/12/2026,ORCL ,133,168,157
2/13/2026,MSFT ,387,424,402
2/13/2026,AAPL ,260,272,262
2/13/2026,AMZN ,186,216,200
2/13/2026,META ,639,693,650
2/13/2026,GOOGL ,301,343,309
2/13/2026,NFLX ,73,82,76
2/13/2026,TSLA ,395,431,417
2/13/2026,NVDA ,171,192,187
2/13/2026,ORCL ,134,167,156
2/17/2026,MSFT ,388,418,401
2/17/2026,AAPL ,252,271,256
2/17/2026,AMZN ,184,212,199
2/17/2026,META ,631,690,640
2/17/2026,GOOGL ,298,342,306
2/17/2026,NFLX ,73,82,77
2/17/2026,TSLA ,395,428,417
2/17/2026,NVDA ,170,190,183
2/17/2026,ORCL ,135,169,160
2/18/2026,MSFT ,389,414,397
2/18/2026,AAPL ,254,271,264
2/18/2026,AMZN ,186,211,201
2/18/2026,META ,630,675,639
2/18/2026,GOOGL ,291,322,302
2/18/2026,NFLX ,73,82,77
2/18/2026,TSLA ,394,426,411
2/18/2026,NVDA ,171,192,185
2/18/2026,ORCL ,135,167,154
2/19/2026,MSFT ,389,413,399
2/19/2026,AAPL ,253,270,264
2/19/2026,AMZN ,190,210,205
2/19/2026,META ,619,661,643
2/19/2026,GOOGL ,292,318,303
2/19/2026,NFLX ,73,82,78
2/19/2026,TSLA ,395,426,411
2/19/2026,NVDA ,173,193,188
2/19/2026,ORCL ,136,167,156
2/20/2026,MSFT ,389,412,398
2/20/2026,AAPL ,250,268,261
2/20/2026,AMZN ,192,210,205
2/20/2026,META ,622,664,645
2/20/2026,GOOGL ,291,319,303
2/20/2026,NFLX ,73,81,77
2/20/2026,TSLA ,397,426,412
2/20/2026,NVDA ,179,193,188
2/20/2026,ORCL ,137,166,157
2/23/2026,MSFT ,388,412,397
2/23/2026,AAPL ,252,267,265
2/23/2026,AMZN ,194,212,210
2/23/2026,META ,624,666,656
2/23/2026,GOOGL ,293,321,315
2/23/2026,NFLX ,73,82,79
2/23/2026,TSLA ,398,423,412
2/23/2026,NVDA ,181,194,190
2/23/2026,ORCL ,137,161,148
2/24/2026,MSFT ,381,401,384
2/24/2026,AAPL ,253,274,266
2/24/2026,AMZN ,194,210,205
2/24/2026,META ,623,663,637
2/24/2026,GOOGL ,294,318,311
2/24/2026,NFLX ,72,81,76
2/24/2026,TSLA ,394,416,400
2/24/2026,NVDA ,181,199,192
2/24/2026,ORCL ,136,155,141
2/25/2026,MSFT ,382,399,389
2/25/2026,AAPL ,256,277,272
2/25/2026,AMZN ,195,210,209
2/25/2026,META ,624,662,639
2/25/2026,GOOGL ,297,317,311
2/25/2026,NFLX ,73,81,78
2/25/2026,TSLA ,396,421,409
2/25/2026,NVDA ,178,199,193
2/25/2026,ORCL ,136,154,146
2/26/2026,MSFT ,383,405,401
2/26/2026,AAPL ,262,277,274
2/26/2026,AMZN ,194,215,211
2/26/2026,META ,627,660,654
2/26/2026,GOOGL ,298,317,313
2/26/2026,NFLX ,74,85,83
2/26/2026,TSLA ,397,424,417
2/26/2026,NVDA ,185,199,196
2/26/2026,ORCL ,136,158,148
2/27/2026,MSFT ,383,406,402
2/27/2026,AAPL ,261,278,273
2/27/2026,AMZN ,196,214,208
2/27/2026,META ,628,663,657
2/27/2026,GOOGL ,300,317,307
2/27/2026,NFLX ,76,93,85
2/27/2026,TSLA ,398,421,409
2/27/2026,NVDA ,178,193,185
2/27/2026,ORCL ,136,161,150
3/2/2026,MSFT ,382,405,393
3/2/2026,AAPL ,255,276,264
3/2/2026,AMZN ,199,214,210
3/2/2026,META ,628,661,648
3/2/2026,GOOGL ,297,316,312
3/2/2026,NFLX ,83,99,96
3/2/2026,TSLA ,395,419,403
3/2/2026,NVDA ,171,188,177
3/2/2026,ORCL ,135,161,145
3/3/2026,MSFT ,382,404,399
3/3/2026,AAPL ,256,274,265
3/3/2026,AMZN ,198,214,208
3/3/2026,META ,632,662,654
3/3/2026,GOOGL ,297,315,307
3/3/2026,NFLX ,85,99,97
3/3/2026,TSLA ,394,417,403
3/3/2026,NVDA ,171,187,182
3/3/2026,ORCL ,136,160,149
3/4/2026,MSFT ,383,410,404
3/4/2026,AAPL ,256,274,264
3/4/2026,AMZN ,200,213,209
3/4/2026,META ,633,664,655
3/4/2026,GOOGL ,298,315,304
3/4/2026,NFLX ,87,105,98
3/4/2026,TSLA ,388,415,392
3/4/2026,NVDA ,171,186,180
3/4/2026,ORCL ,136,157,149
3/5/2026,MSFT ,382,412,405
3/5/2026,AAPL ,255,271,263
3/5/2026,AMZN ,201,219,217
3/5/2026,META ,634,672,668
3/5/2026,GOOGL ,297,314,303
3/5/2026,NFLX ,88,107,99
3/5/2026,TSLA ,387,416,406
3/5/2026,NVDA ,173,187,183
3/5/2026,ORCL ,137,156,152
3/6/2026,MSFT ,381,415,411
3/6/2026,AAPL ,255,269,260
3/6/2026,AMZN ,200,220,219
3/6/2026,META ,635,672,661
3/6/2026,GOOGL ,295,312,301
3/6/2026,NFLX ,90,110,99
3/6/2026,TSLA ,388,416,406
3/6/2026,NVDA ,172,190,183
3/6/2026,ORCL ,138,158,155
3/9/2026,MSFT ,384,415,409
3/9/2026,AAPL ,247,266,257
3/9/2026,AMZN ,198,221,213
3/9/2026,META ,632,667,645
3/9/2026,GOOGL ,292,311,299
3/9/2026,NFLX ,88,107,99
3/9/2026,TSLA ,384,413,397
3/9/2026,NVDA ,168,186,178
3/9/2026,ORCL ,136,158,153
3/10/2026,MSFT ,392,416,409
3/10/2026,AAPL ,251,266,260
3/10/2026,AMZN ,201,220,213
3/10/2026,META ,637,667,647
3/10/2026,GOOGL ,295,312,306
3/10/2026,NFLX ,92,105,98
3/10/2026,TSLA ,386,412,399
3/10/2026,NVDA ,171,187,183
3/10/2026,ORCL ,136,159,152
3/11/2026,MSFT ,390,414,406
3/11/2026,AAPL ,252,267,261
3/11/2026,AMZN ,202,221,214
3/11/2026,META ,638,668,654
3/11/2026,GOOGL ,296,311,307
3/11/2026,NFLX ,90,101,97
3/11/2026,TSLA ,388,411,399
3/11/2026,NVDA ,175,188,185
3/11/2026,ORCL ,142,165,149
3/12/2026,MSFT ,391,414,405
3/12/2026,AAPL ,255,266,261
3/12/2026,AMZN ,203,219,213
3/12/2026,META ,637,667,655
3/12/2026,GOOGL ,296,312,309
3/12/2026,NFLX ,92,102,95
3/12/2026,TSLA ,389,412,408
3/12/2026,NVDA ,175,188,186
3/12/2026,ORCL ,140,166,163
3/13/2026,MSFT ,386,412,402
3/13/2026,AAPL ,252,264,256
3/13/2026,AMZN ,199,218,210
3/13/2026,META ,634,660,638
3/13/2026,GOOGL ,294,310,304
3/13/2026,NFLX ,92,103,94
3/13/2026,TSLA ,386,410,395
3/13/2026,NVDA ,176,187,183
3/13/2026,ORCL ,141,165,159
3/16/2026,MSFT ,389,411,396
3/16/2026,AAPL ,247,262,250
3/16/2026,AMZN ,202,218,208
3/16/2026,META ,605,651,614
3/16/2026,GOOGL ,295,311,302
3/16/2026,NFLX ,93,102,95
3/16/2026,TSLA ,384,408,391
3/16/2026,NVDA ,172,186,180
3/16/2026,ORCL ,143,164,155
3/17/2026,MSFT ,390,410,400
3/17/2026,AAPL ,246,260,253
3/17/2026,AMZN ,205,219,212
3/17/2026,META ,610,648,627
3/17/2026,GOOGL ,295,310,306
3/17/2026,NFLX ,92,102,95
3/17/2026,TSLA ,386,407,396
3/17/2026,NVDA ,175,186,183
3/17/2026,ORCL ,145,163,156
3/18/2026,MSFT ,392,411,399
3/18/2026,AAPL ,247,261,254
3/18/2026,AMZN ,205,219,215
3/18/2026,META ,607,646,623
3/18/2026,GOOGL ,296,315,311
3/18/2026,NFLX ,91,101,94
3/18/2026,TSLA ,387,407,399
3/18/2026,NVDA ,176,186,182
3/18/2026,ORCL ,146,163,155
3/19/2026,MSFT ,385,407,392
3/19/2026,AAPL ,244,260,250
3/19/2026,AMZN ,206,218,210
3/19/2026,META ,601,643,616
3/19/2026,GOOGL ,297,313,308
3/19/2026,NFLX ,91,100,95
3/19/2026,TSLA ,385,405,393
3/19/2026,NVDA ,172,185,180
3/19/2026,ORCL ,145,162,153
3/20/2026,MSFT ,385,406,389
3/20/2026,AAPL ,243,258,249
3/20/2026,AMZN ,199,215,209
3/20/2026,META ,593,633,607
3/20/2026,GOOGL ,299,314,307
3/20/2026,NFLX ,90,100,92
3/20/2026,TSLA ,376,403,380
3/20/2026,NVDA ,172,185,179
3/20/2026,ORCL ,145,163,156
3/23/2026,MSFT ,378,404,382
3/23/2026,AAPL ,242,257,248
3/23/2026,AMZN ,198,215,205
3/23/2026,META ,584,626,594
3/23/2026,GOOGL ,295,310,301
3/23/2026,NFLX ,87,96,92
3/23/2026,TSLA ,360,394,368
3/23/2026,NVDA ,168,182,173
3/23/2026,ORCL ,138,162,150
3/24/2026,MSFT ,376,402,383
3/24/2026,AAPL ,243,258,251
3/24/2026,AMZN ,201,216,210
3/24/2026,META ,582,628,604
3/24/2026,GOOGL ,296,310,302
3/24/2026,NFLX ,89,96,93
3/24/2026,TSLA ,364,399,381
3/24/2026,NVDA ,170,182,176
3/24/2026,ORCL ,142,163,154
3/25/2026,MSFT ,369,392,373
3/25/2026,AAPL ,245,257,252
3/25/2026,AMZN ,202,216,207
3/25/2026,META ,582,627,593
3/25/2026,GOOGL ,285,303,290
3/25/2026,NFLX ,88,95,91
3/25/2026,TSLA ,366,398,383
3/25/2026,NVDA ,170,181,175
3/25/2026,ORCL ,143,160,147
3/26/2026,MSFT ,361,390,371
3/26/2026,AAPL ,245,255,253
3/26/2026,AMZN ,201,215,212
3/26/2026,META ,581,626,595
3/26/2026,GOOGL ,285,301,291
3/26/2026,NFLX ,89,94,92
3/26/2026,TSLA ,367,397,386
3/26/2026,NVDA ,171,181,179
3/26/2026,ORCL ,141,156,146
3/27/2026,MSFT ,358,384,366
3/27/2026,AAPL ,245,255,253
3/27/2026,AMZN ,201,214,208
3/27/2026,META ,540,601,548
3/27/2026,GOOGL ,275,299,281
3/27/2026,NFLX ,88,95,93
3/27/2026,TSLA ,361,387,372
3/27/2026,NVDA ,166,179,171
3/27/2026,ORCL ,137,154,143
3/30/2026,MSFT ,351,392,357
3/30/2026,AAPL ,245,254,249
3/30/2026,AMZN ,196,211,199
3/30/2026,META ,521,591,526
3/30/2026,GOOGL ,270,295,274
3/30/2026,NFLX ,89,96,93
3/30/2026,TSLA ,357,386,362
3/30/2026,NVDA ,164,178,168
3/30/2026,ORCL ,136,154,140
3/31/2026,MSFT ,349,390,359
3/31/2026,AAPL ,243,253,247
3/31/2026,AMZN ,196,210,201
3/31/2026,META ,515,579,536
3/31/2026,GOOGL ,265,292,274
3/31/2026,NFLX ,89,94,93
3/31/2026,TSLA ,350,384,355
3/31/2026,NVDA ,162,177,165
3/31/2026,ORCL ,134,152,139
4/1/2026,MSFT ,350,389,370
4/1/2026,AAPL ,244,256,254
4/1/2026,AMZN ,197,214,208
4/1/2026,META ,515,599,572
4/1/2026,GOOGL ,266,299,288
4/1/2026,NFLX ,92,98,96
4/1/2026,TSLA ,351,386,372
4/1/2026,NVDA ,164,178,174
4/1/2026,ORCL ,136,154,147
4/2/2026,MSFT ,351,385,369
4/2/2026,AAPL ,244,256,256
4/2/2026,AMZN ,197,214,211
4/2/2026,META ,517,595,579
4/2/2026,GOOGL ,267,301,297
4/2/2026,NFLX ,91,98,96
4/2/2026,TSLA ,352,388,381
4/2/2026,NVDA ,163,178,176
4/2/2026,ORCL ,136,151,145
4/6/2026,MSFT ,353,385,373
4/6/2026,AAPL ,245,258,256
4/6/2026,AMZN ,198,216,210
4/6/2026,META ,517,603,574
4/6/2026,GOOGL ,268,301,296
4/6/2026,NFLX ,93,100,99
4/6/2026,TSLA ,350,386,361
4/6/2026,NVDA ,163,180,177
4/6/2026,ORCL ,136,152,146
4/7/2026,MSFT ,354,382,373
4/7/2026,AAPL ,245,261,259
4/7/2026,AMZN ,198,216,213
4/7/2026,META ,511,600,573
4/7/2026,GOOGL ,270,307,300
4/7/2026,NFLX ,93,100,99
4/7/2026,TSLA ,342,381,353
4/7/2026,NVDA ,164,180,178
4/7/2026,ORCL ,136,151,146
4/8/2026,MSFT ,355,392,372
4/8/2026,AAPL ,245,263,254
4/8/2026,AMZN ,198,225,214
4/8/2026,META ,521,627,575
4/8/2026,GOOGL ,288,324,305
4/8/2026,NFLX ,93,100,99
4/8/2026,TSLA ,339,385,347
4/8/2026,NVDA ,165,186,178
4/8/2026,ORCL ,137,162,143
4/9/2026,MSFT ,355,381,374
4/9/2026,AAPL ,246,262,259
4/9/2026,AMZN ,199,224,221
4/9/2026,META ,516,621,612
4/9/2026,GOOGL ,292,323,317
4/9/2026,NFLX ,93,102,99
4/9/2026,TSLA ,332,380,343
4/9/2026,NVDA ,165,185,182
4/9/2026,ORCL ,137,152,143
4/10/2026,MSFT ,355,382,373
4/10/2026,AAPL ,246,264,260
4/10/2026,AMZN ,202,240,234
4/10/2026,META ,519,637,628
4/10/2026,GOOGL ,296,329,318
4/10/2026,NFLX ,93,102,102
4/10/2026,TSLA ,332,375,346
4/10/2026,NVDA ,165,188,184
4/10/2026,ORCL ,134,147,138
4/13/2026,MSFT ,355,381,371
4/13/2026,AAPL ,245,264,260
4/13/2026,AMZN ,211,240,238
4/13/2026,META ,526,637,630
4/13/2026,GOOGL ,299,330,317
4/13/2026,NFLX ,93,105,103
4/13/2026,TSLA ,330,373,349
4/13/2026,NVDA ,165,190,189
4/13/2026,ORCL ,134,147,138
4/14/2026,MSFT ,360,390,384
4/14/2026,AAPL ,250,264,259
4/14/2026,AMZN ,219,247,240
4/14/2026,META ,541,651,635
4/14/2026,GOOGL ,303,332,321
4/14/2026,NFLX ,94,106,103
4/14/2026,TSLA ,330,375,352
4/14/2026,NVDA ,172,192,189
4/14/2026,ORCL ,136,162,156
4/15/2026,MSFT ,360,399,393
4/15/2026,AAPL ,251,263,259
4/15/2026,AMZN ,221,255,249
4/15/2026,META ,547,673,662
4/15/2026,GOOGL ,306,336,333
4/15/2026,NFLX ,95,111,106
4/15/2026,TSLA ,331,376,364
4/15/2026,NVDA ,181,199,197
4/15/2026,ORCL ,135,165,163
4/16/2026,MSFT ,351,415,411
4/16/2026,AAPL ,253,271,266
4/16/2026,AMZN ,227,259,249
4/16/2026,META ,550,689,672
4/16/2026,GOOGL ,311,344,337
4/16/2026,NFLX ,96,116,108
4/16/2026,TSLA ,341,399,392
4/16/2026,NVDA ,182,202,199
4/16/2026,ORCL ,133,171,170
4/17/2026,MSFT ,353,425,420
4/17/2026,AAPL ,253,269,263
4/17/2026,AMZN ,233,263,250
4/17/2026,META ,570,703,677
4/17/2026,GOOGL ,311,347,336
4/17/2026,NFLX ,95,110,108
4/17/2026,TSLA ,342,398,389
4/17/2026,NVDA ,183,204,198
4/17/2026,ORCL ,130,182,178
4/20/2026,MSFT ,351,433,423
4/20/2026,AAPL ,256,274,270
4/20/2026,AMZN ,236,264,251
4/20/2026,META ,624,713,689
4/20/2026,GOOGL ,313,350,342
4/20/2026,NFLX ,94,108,97
4/20/2026,TSLA ,343,410,401
4/20/2026,NVDA ,185,207,202
4/20/2026,ORCL ,131,182,175
4/21/2026,MSFT ,356,437,418
4/21/2026,AAPL ,261,275,273
4/21/2026,AMZN ,227,262,248
4/21/2026,META ,627,705,671
4/21/2026,GOOGL ,315,349,337
4/21/2026,NFLX ,90,101,95
4/21/2026,TSLA ,343,401,393
4/21/2026,NVDA ,189,207,202
4/21/2026,ORCL ,133,185,178
4/22/2026,MSFT ,390,449,424
4/22/2026,AAPL ,261,274,266
4/22/2026,AMZN ,234,260,250
4/22/2026,META ,629,703,669
4/22/2026,GOOGL ,317,349,332
4/22/2026,NFLX ,89,99,93
4/22/2026,TSLA ,343,400,386
4/22/2026,NVDA ,189,207,200
4/22/2026,ORCL ,157,197,181
4/23/2026,MSFT ,397,449,433
4/23/2026,AAPL ,263,277,273
4/23/2026,AMZN ,239,260,255
4/23/2026,META ,633,703,675
4/23/2026,GOOGL ,322,350,339
4/23/2026,NFLX ,87,99,93
4/23/2026,TSLA ,343,399,388
4/23/2026,NVDA ,190,207,203
4/23/2026,ORCL ,159,200,188
4/24/2026,MSFT ,385,445,416
4/24/2026,AAPL ,263,279,273
4/24/2026,AMZN ,243,260,255
4/24/2026,META ,634,697,659
4/24/2026,GOOGL ,322,348,339
4/24/2026,NFLX ,85,98,93
4/24/2026,TSLA ,349,396,374
4/24/2026,NVDA ,192,206,200
4/24/2026,ORCL ,154,187,176
4/27/2026,MSFT ,395,443,425
4/27/2026,AAPL ,262,279,271
4/27/2026,AMZN ,246,266,264
4/27/2026,META ,639,695,675
4/27/2026,GOOGL ,330,350,344
4/27/2026,NFLX ,85,97,92
4/27/2026,TSLA ,353,396,376
4/27/2026,NVDA ,195,212,208
4/27/2026,ORCL ,162,187,173
4/28/2026,MSFT ,402,435,425
4/28/2026,AAPL ,262,277,268
4/28/2026,AMZN ,244,266,261
4/28/2026,META ,651,690,679
4/28/2026,GOOGL ,332,355,350
4/28/2026,NFLX ,84,96,91
4/28/2026,TSLA ,359,395,379
4/28/2026,NVDA ,203,219,217
4/28/2026,ORCL ,162,185,173
4/29/2026,MSFT ,404,443,429
4/29/2026,AAPL ,263,278,271
4/29/2026,AMZN ,245,267,260
4/29/2026,META ,655,690,671
4/29/2026,GOOGL ,332,354,350
4/29/2026,NFLX ,84,97,92
4/29/2026,TSLA ,365,394,376
4/29/2026,NVDA ,204,220,213
4/29/2026,ORCL ,160,177,166
4/30/2026,MSFT ,399,430,424
4/30/2026,AAPL ,263,277,270
4/30/2026,AMZN ,255,279,263
4/30/2026,META ,591,678,669
4/30/2026,GOOGL ,343,375,350
4/30/2026,NFLX ,86,96,92
4/30/2026,TSLA ,361,393,373
4/30/2026,NVDA ,200,219,209
4/30/2026,ORCL ,158,174,164
5/1/2026,MSFT ,402,429,408
5/1/2026,AAPL ,267,284,271
5/1/2026,AMZN ,252,271,265
5/1/2026,META ,580,664,612
5/1/2026,GOOGL ,348,388,385
5/1/2026,NFLX ,88,95,94
5/1/2026,TSLA ,364,393,382
5/1/2026,NVDA ,195,218,200
5/1/2026,ORCL ,156,173,161
5/4/2026,MSFT ,404,429,414
5/4/2026,AAPL ,267,284,280
5/4/2026,AMZN ,255,274,268
5/4/2026,META ,590,657,609
5/4/2026,GOOGL ,352,392,386
5/4/2026,NFLX ,89,94,92
5/4/2026,TSLA ,365,394,391
5/4/2026,NVDA ,195,218,198
5/4/2026,ORCL ,157,187,172
5/5/2026,MSFT ,404,428,414
5/5/2026,AAPL ,270,282,277
5/5/2026,AMZN ,259,276,272
5/5/2026,META ,590,651,610
5/5/2026,GOOGL ,359,399,383
5/5/2026,NFLX ,89,94,91
5/5/2026,TSLA ,365,398,393
5/5/2026,NVDA ,195,217,198
5/5/2026,ORCL ,165,187,180
5/6/2026,MSFT ,402,428,411
5/6/2026,AAPL ,273,287,284
5/6/2026,AMZN ,262,278,274
5/6/2026,META ,580,642,605
5/6/2026,GOOGL ,364,405,388
5/6/2026,NFLX ,85,93,88
5/6/2026,TSLA ,364,398,389
5/6/2026,NVDA ,194,219,197
5/6/2026,ORCL ,169,189,185
5/7/2026,MSFT ,405,429,414
5/7/2026,AAPL ,276,290,288
5/7/2026,AMZN ,265,279,275
5/7/2026,META ,576,641,613
5/7/2026,GOOGL ,370,412,398
5/7/2026,NFLX ,85,93,88
5/7/2026,TSLA ,369,405,399
5/7/2026,NVDA ,197,221,208
5/7/2026,ORCL ,174,196,194
5/8/2026,MSFT ,403,430,421
5/8/2026,AAPL ,278,293,287
5/8/2026,AMZN ,261,279,271
5/8/2026,META ,570,639,617
5/8/2026,GOOGL ,375,417,398
5/8/2026,NFLX ,85,93,88
5/8/2026,TSLA ,385,415,412
5/8/2026,NVDA ,198,220,212
5/8/2026,ORCL ,177,201,195
5/11/2026,MSFT ,402,428,415
5/11/2026,AAPL ,280,296,293
5/11/2026,AMZN ,260,280,273
5/11/2026,META ,572,637,610
5/11/2026,GOOGL ,375,419,401
5/11/2026,NFLX ,83,93,87
5/11/2026,TSLA ,387,431,428
5/11/2026,NVDA ,199,221,215
5/11/2026,ORCL ,172,207,196
5/12/2026,MSFT ,402,423,413
5/12/2026,AAPL ,280,300,293
5/12/2026,AMZN ,261,278,269
5/12/2026,META ,573,629,599
5/12/2026,GOOGL ,370,415,389
5/12/2026,NFLX ,82,91,85
5/12/2026,TSLA ,396,450,445
5/12/2026,NVDA ,200,225,219
5/12/2026,ORCL ,175,210,194
5/13/2026,MSFT ,401,421,408
5/13/2026,AAPL ,284,301,295
5/13/2026,AMZN ,261,278,266
5/13/2026,META ,585,627,603
5/13/2026,GOOGL ,375,405,387
5/13/2026,NFLX ,83,92,88
5/13/2026,TSLA ,405,450,433
5/13/2026,NVDA ,206,227,221
5/13/2026,ORCL ,174,208,187
5/14/2026,MSFT ,401,420,405
5/14/2026,AAPL ,287,305,299
5/14/2026,AMZN ,265,279,270
5/14/2026,META ,595,627,617
5/14/2026,GOOGL ,387,410,403
5/14/2026,NFLX ,83,92,88
5/14/2026,TSLA ,414,460,445
5/14/2026,NVDA ,211,235,226
5/14/2026,ORCL ,176,204,190
5/15/2026,MSFT ,401,422,409
5/15/2026,AAPL ,290,305,298
5/15/2026,AMZN ,263,277,267
5/15/2026,META ,595,626,618
5/15/2026,GOOGL ,382,409,401
5/15/2026,NFLX ,84,91,87
5/15/2026,TSLA ,400,465,443
5/15/2026,NVDA ,216,240,236
5/15/2026,ORCL ,179,204,196
5/18/2026,MSFT ,404,425,422
5/18/2026,AAPL ,291,305,300
5/18/2026,AMZN ,260,277,264
5/18/2026,META ,595,626,614
5/18/2026,GOOGL ,383,410,397
5/18/2026,NFLX ,84,90,87
5/18/2026,TSLA ,400,445,422
5/18/2026,NVDA ,215,240,225
5/18/2026,ORCL ,182,200,193
5/19/2026,MSFT ,401,428,424
5/19/2026,AAPL ,291,304,298
5/19/2026,AMZN ,259,276,265
5/19/2026,META ,595,624,611
5/19/2026,GOOGL ,384,408,397
5/19/2026,NFLX ,84,90,90
5/19/2026,TSLA ,395,445,410
5/19/2026,NVDA ,216,239,222
5/19/2026,ORCL ,183,199,187
5/20/2026,MSFT ,401,424,417
5/20/2026,AAPL ,290,305,299
5/20/2026,AMZN ,257,275,259
5/20/2026,META ,591,624,603
5/20/2026,GOOGL ,382,406,388
5/20/2026,NFLX ,84,91,89
5/20/2026,TSLA ,394,427,404
5/20/2026,NVDA ,210,240,221
5/20/2026,ORCL ,178,196,181
5/21/2026,MSFT ,402,429,421
5/21/2026,AAPL ,293,306,302
5/21/2026,AMZN ,258,274,265
5/21/2026,META ,591,623,605
5/21/2026,GOOGL ,382,408,389
5/21/2026,NFLX ,84,90,88
5/21/2026,TSLA ,400,445,417
5/21/2026,NVDA ,216,235,223
5/21/2026,ORCL ,179,200,188
5/22/2026,MSFT ,400,428,419
5/22/2026,AAPL ,293,307,305
5/22/2026,AMZN ,259,274,268
5/22/2026,META ,593,624,607
5/22/2026,GOOGL ,380,405,388
5/22/2026,NFLX ,84,91,89
5/22/2026,TSLA ,396,445,418
5/22/2026,NVDA ,213,234,220
5/22/2026,ORCL ,180,198,190
5/26/2026,MSFT ,401,428,419
5/26/2026,AAPL ,299,311,309
5/26/2026,AMZN ,260,273,266
5/26/2026,META ,595,622,610
5/26/2026,GOOGL ,378,404,383
5/26/2026,NFLX ,84,90,89
5/26/2026,TSLA ,401,450,426
5/26/2026,NVDA ,211,234,215
5/26/2026,ORCL ,182,198,192
5/27/2026,MSFT ,400,422,416
5/27/2026,AAPL ,300,315,308
5/27/2026,AMZN ,258,273,265
5/27/2026,META ,598,623,612
5/27/2026,GOOGL ,378,408,389
5/27/2026,NFLX ,84,89,88
5/27/2026,TSLA ,408,453,434
5/27/2026,NVDA ,210,235,215
5/27/2026,ORCL ,182,199,193
5/28/2026,MSFT ,402,422,413
5/28/2026,AAPL ,301,315,311
5/28/2026,AMZN ,259,274,272
5/28/2026,META ,594,639,635
5/28/2026,GOOGL ,378,404,389
5/28/2026,NFLX ,84,89,87
5/28/2026,TSLA ,410,450,440
5/28/2026,NVDA ,209,235,213
5/28/2026,ORCL ,181,199,191
5/29/2026,MSFT ,410,431,427
5/29/2026,AAPL ,303,316,313
5/29/2026,AMZN ,261,276,274
5/29/2026,META ,601,640,635
5/29/2026,GOOGL ,380,403,390
5/29/2026,NFLX ,83,88,86
5/29/2026,TSLA ,415,450,442
5/29/2026,NVDA ,209,229,214
5/29/2026,ORCL ,185,206,204
6/1/2026,MSFT ,415,455,450
6/1/2026,AAPL ,304,318,312
6/1/2026,AMZN ,262,277,271
6/1/2026,META ,593,644,633
6/1/2026,GOOGL ,375,403,380
6/1/2026,NFLX ,84,89,86
6/1/2026,TSLA ,415,452,436
6/1/2026,NVDA ,206,227,211
6/1/2026,ORCL ,188,230,226
6/2/2026,MSFT ,419,466,461
6/2/2026,AAPL ,300,317,306
6/2/2026,AMZN ,258,277,261
6/2/2026,META ,584,630,600
6/2/2026,GOOGL ,372,395,376
6/2/2026,NFLX ,84,89,86
6/2/2026,TSLA ,402,445,416
6/2/2026,NVDA ,207,230,224
6/2/2026,ORCL ,201,254,248
6/3/2026,MSFT ,412,460,441
6/3/2026,AAPL ,301,319,315
6/3/2026,AMZN ,251,275,257
6/3/2026,META ,582,635,598
6/3/2026,GOOGL ,358,394,362
6/3/2026,NFLX ,81,88,83
6/3/2026,TSLA ,406,445,424
6/3/2026,NVDA ,211,230,223
6/3/2026,ORCL ,207,255,245
6/4/2026,MSFT ,410,460,427
6/4/2026,AAPL ,301,317,310
6/4/2026,AMZN ,245,274,250
6/4/2026,META ,585,635,623
6/4/2026,GOOGL ,355,400,359
6/4/2026,NFLX ,79,87,82
6/4/2026,TSLA ,408,446,424
6/4/2026,NVDA ,207,228,215
6/4/2026,ORCL ,209,255,230
6/5/2026,MSFT ,405,460,428
6/5/2026,AAPL ,303,317,311
6/5/2026,AMZN ,245,275,254
6/5/2026,META ,590,635,628
6/5/2026,GOOGL ,355,400,372
6/5/2026,NFLX ,79,87,82
6/5/2026,TSLA ,409,445,418
6/5/2026,NVDA ,207,226,219
6/5/2026,ORCL ,202,264,236
6/8/2026,MSFT ,398,432,417
6/8/2026,AAPL ,301,317,307
6/8/2026,AMZN ,240,275,246
6/8/2026,META ,577,626,593
6/8/2026,GOOGL ,353,402,369
6/8/2026,NFLX ,78,87,82
6/8/2026,TSLA ,375,425,391
6/8/2026,NVDA ,202,227,205
6/8/2026,ORCL ,200,248,214
6/9/2026,MSFT ,395,431,412
6/9/2026,AAPL ,298,316,302
6/9/2026,AMZN ,236,260,245
6/9/2026,META ,575,627,585
6/9/2026,GOOGL ,347,399,363
6/9/2026,NFLX ,78,86,83
6/9/2026,TSLA ,385,422,409
6/9/2026,NVDA ,200,225,209
6/9/2026,ORCL ,187,248,212
6/11/2026,MSFT ,384,420,397
6/11/2026,AAPL ,293,316,292
6/11/2026,AMZN ,229,256,238
6/11/2026,META ,559,611,571
6/11/2026,GOOGL ,347,380,356
6/11/2026,NFLX ,77,86,82
6/11/2026,TSLA ,367,410,382
6/11/2026,NVDA ,195,218,200
6/11/2026,ORCL ,161,224,201
6/12/2026,MSFT ,375,420,390
6/12/2026,AAPL ,285,320,296
6/12/2026,AMZN ,231,255,242
6/12/2026,META ,555,611,568
6/12/2026,GOOGL ,347,378,358
6/12/2026,NFLX ,77,86,81
6/12/2026,TSLA ,372,425,399
6/12/2026,NVDA ,195,224,205
6/12/2026,ORCL ,167,218,184
6/15/2026,MSFT ,376,416,391
6/15/2026,AAPL ,281,314,291
6/15/2026,AMZN ,231,254,239
6/15/2026,META ,548,604,567
6/15/2026,GOOGL ,348,374,360
6/15/2026,NFLX ,78,85,80
6/15/2026,TSLA ,380,425,406
6/15/2026,NVDA ,197,225,205
6/15/2026,ORCL ,170,212,184
6/16/2026,MSFT ,379,415,400
6/16/2026,AAPL ,284,315,296
6/16/2026,AMZN ,233,253,246
6/16/2026,META ,548,625,593
6/16/2026,GOOGL ,355,376,369
6/16/2026,NFLX ,79,85,82
6/16/2026,TSLA ,378,424,411
6/16/2026,NVDA ,201,222,212
6/16/2026,ORCL ,170,208,193
6/17/2026,MSFT ,376,414,394
6/17/2026,AAPL ,283,313,299
6/17/2026,AMZN ,233,252,246
6/17/2026,META ,550,625,600
6/17/2026,GOOGL ,354,376,373
6/17/2026,NFLX ,7,82,79
6/17/2026,TSLA ,375,415,405
6/17/2026,NVDA ,197,219,207
6/17/2026,ORCL ,168,199,188
6/18/2026,MSFT ,372,409,379
6/18/2026,AAPL ,285,309,296
6/18/2026,AMZN ,233,251,238
6/18/2026,META ,552,599,568
6/18/2026,GOOGL ,352,376,364
6/18/2026,NFLX ,74,82,77
6/18/2026,TSLA ,375,411,396
6/18/2026,NVDA ,198,214,205
6/18/2026,ORCL ,170,198,184
6/22/2026,MSFT ,370,407,379
6/22/2026,AAPL ,287,305,298
6/22/2026,AMZN ,234,251,244
6/22/2026,META ,553,599,577
6/22/2026,GOOGL ,350,377,368
6/22/2026,NFLX ,74,82,77
6/22/2026,TSLA ,379,415,400
6/22/2026,NVDA ,200,215,211
6/22/2026,ORCL ,171,199,184
6/23/2026,MSFT ,364,399,367
6/23/2026,AAPL ,287,303,297
6/23/2026,AMZN ,229,245,233
6/23/2026,META ,550,596,564
6/23/2026,GOOGL ,343,368,350
6/23/2026,NFLX ,70,79,73
6/23/2026,TSLA ,381,415,405
6/23/2026,NVDA ,198,214,209
6/23/2026,ORCL ,167,195,175
6/24/2026,MSFT ,363,398,374
6/24/2026,AAPL ,288,301,294
6/24/2026,AMZN ,227,244,234
6/24/2026,META ,545,593,562
6/24/2026,GOOGL ,341,367,346
6/24/2026,NFLX ,70,79,73
6/24/2026,TSLA ,375,405,382
6/24/2026,NVDA ,195,210,200
6/24/2026,ORCL ,162,188,165
6/25/2026,MSFT ,356,382,365
6/25/2026,AAPL ,288,301,293
6/25/2026,AMZN ,226,247,234
6/25/2026,META ,543,591,558
6/25/2026,GOOGL ,338,365,345
6/25/2026,NFLX ,68,77,72
6/25/2026,TSLA ,367,401,376
6/25/2026,NVDA ,195,211,199
6/25/2026,ORCL ,155,180,158
6/26/2026,MSFT ,347,378,353
6/26/2026,AAPL ,270,293,275
6/26/2026,AMZN ,224,243,227
6/26/2026,META ,532,571,543
6/26/2026,GOOGL ,334,363,344
6/26/2026,NFLX ,66,75,71
6/26/2026,TSLA ,365,395,375
6/26/2026,NVDA ,191,207,196
6/26/2026,ORCL ,145,175,152
6/29/2026,MSFT ,348,394,373
6/29/2026,AAPL ,275,294,284
6/29/2026,AMZN ,222,243,233
6/29/2026,META ,532,584,550
6/29/2026,GOOGL ,329,361,337
6/29/2026,NFLX ,66,77,74
6/29/2026,TSLA ,365,399,380
6/29/2026,NVDA ,188,206,193
6/29/2026,ORCL ,139,172,149
6/30/2026,MSFT ,350,385,369
6/30/2026,AAPL ,269,292,282
6/30/2026,AMZN ,223,244,240
6/30/2026,META ,531,582,563
6/30/2026,GOOGL ,330,370,354
6/30/2026,NFLX ,68,77,74
6/30/2026,TSLA ,374,420,412
6/30/2026,NVDA ,188,205,195
6/30/2026,ORCL ,135,167,148
7/1/2026,MSFT ,352,383,373
7/1/2026,AAPL ,272,293,289
7/1/2026,AMZN ,225,244,238
7/1/2026,META ,540,580,563
7/1/2026,GOOGL ,335,371,357
7/1/2026,NFLX ,68,75,71
7/1/2026,TSLA ,374,425,421
7/1/2026,NVDA ,188,206,200
7/1/2026,ORCL ,132,162,147
7/2/2026,MSFT ,352,390,384
7/2/2026,AAPL ,275,299,294
7/2/2026,AMZN ,223,246,242
7/2/2026,META ,530,625,613
7/2/2026,GOOGL ,337,373,361
7/2/2026,NFLX ,68,76,74
7/2/2026,TSLA ,375,435,425
7/2/2026,NVDA ,186,205,198
7/2/2026,ORCL ,129,158,143
7/6/2026,MSFT ,352,394,390
7/6/2026,AAPL ,284,312,309
7/6/2026,AMZN ,225,246,243
7/6/2026,META ,529,613,583
7/6/2026,GOOGL ,335,369,360
7/6/2026,NFLX ,68,79,78
7/6/2026,TSLA ,351,425,393
7/6/2026,NVDA ,187,204,195
7/6/2026,ORCL ,130,158,140
7/7/2026,MSFT ,350,390,387
7/7/2026,AAPL ,285,315,313
7/7/2026,AMZN ,225,248,244
7/7/2026,META ,526,613,600
7/7/2026,GOOGL ,337,373,366
7/7/2026,NFLX ,68,78,76
7/7/2026,TSLA ,360,427,420
7/7/2026,NVDA ,188,202,196
7/7/2026,ORCL ,132,156,144
7/8/2026,MSFT ,350,395,389
7/8/2026,AAPL ,286,315,311
7/8/2026,AMZN ,226,249,246
7/8/2026,META ,542,639,616
7/8/2026,GOOGL ,334,375,367
7/8/2026,NFLX ,68,78,76
7/8/2026,TSLA ,360,419,403
7/8/2026,NVDA ,189,201,197
7/8/2026,ORCL ,134,156,142
7/9/2026,MSFT ,353,395,383
7/9/2026,AAPL ,297,326,313
7/9/2026,AMZN ,227,250,244
7/9/2026,META ,542,634,603
7/9/2026,GOOGL ,338,377,362
7/9/2026,NFLX ,71,79,76
7/9/2026,TSLA ,365,420,394
7/9/2026,NVDA ,191,208,204
7/9/2026,ORCL ,133,151,140
7/10/2026,MSFT ,361,396,384
7/10/2026,AAPL ,299,330,316
7/10/2026,AMZN ,230,253,247
7/10/2026,META ,575,649,631
7/10/2026,GOOGL ,339,375,359
7/10/2026,NFLX ,71,79,75
7/10/2026,TSLA ,374,435,407
7/10/2026,NVDA ,190,207,203
7/10/2026,ORCL ,135,151,144
