signal_date,entry_date,exit_date,buy,sell,ret,days_held,ticker,strategy
2021-07-19,2021-07-20,2021-07-22,139.837906,143.093597,0.022882,3,AAPL,fade_all
2021-08-18,2021-08-19,2021-08-23,141.580055,146.148773,0.031870,3,AAPL,fade_all
2021-09-10,2021-09-13,2021-09-15,147.046880,145.484940,-0.011022,3,AAPL,fade_all
2021-11-26,2021-11-29,2021-12-01,155.806031,161.085251,0.033483,3,AAPL,fade_all
2021-12-16,2021-12-17,2021-12-21,166.129873,169.121475,0.017608,3,AAPL,fade_all
2022-05-05,2022-05-06,2022-05-10,152.939879,151.469360,-0.010015,3,AAPL,fade_all
2022-05-11,2022-05-12,2022-05-16,139.960391,142.675919,0.019002,3,AAPL,fade_all
2022-05-18,2022-05-19,2022-05-23,137.127290,140.293732,0.022691,3,AAPL,fade_all
2022-09-13,2022-09-14,2022-09-16,151.954609,147.939590,-0.026822,3,AAPL,fade_all
2022-09-29,2022-09-30,2022-10-04,138.692086,143.423813,0.033717,3,AAPL,fade_all
2023-08-04,2023-08-07,2023-08-09,179.611986,175.726456,-0.022033,3,AAPL,fade_all
2023-08-24,2023-08-25,2023-08-29,175.163896,181.819641,0.037597,3,AAPL,fade_all
2023-09-06,2023-09-07,2023-09-11,172.991344,177.119141,0.023461,3,AAPL,fade_all
2024-01-02,2024-01-03,2024-01-05,182.158081,179.152100,-0.016902,3,AAPL,fade_all
2024-03-04,2024-03-05,2024-03-07,169.064186,167.321671,-0.010707,3,AAPL,fade_all
2024-03-21,2024-03-22,2024-03-26,170.054252,168.024628,-0.012335,3,AAPL,fade_all
2024-08-05,2024-08-06,2024-08-08,203.536854,211.478073,0.038616,3,AAPL,fade_all
2024-10-01,2024-10-02,2024-10-04,224.209259,225.112488,0.003629,3,AAPL,fade_all
2025-01-02,2025-01-03,2025-01-07,241.815033,240.672348,-0.005125,3,AAPL,fade_all
2025-01-10,2025-01-13,2025-01-15,232.047439,236.359863,0.018184,3,AAPL,fade_all
2025-01-16,2025-01-17,2025-01-22,230.646403,222.409012,-0.036114,3,AAPL,fade_all
2025-02-03,2025-02-04,2025-02-06,225.807299,231.739395,0.025871,3,AAPL,fade_all
2025-03-10,2025-03-11,2025-03-13,222.633667,208.577927,-0.063534,3,AAPL,fade_all
2025-04-03,2025-04-04,2025-04-08,192.870911,171.513763,-0.111133,3,AAPL,fade_all
2025-04-08,2025-04-09,2025-04-11,171.046258,197.108505,0.151970,3,AAPL,fade_all
2025-09-10,2025-09-11,2025-09-15,226.239950,236.032242,0.042883,3,AAPL,fade_all
2025-10-10,2025-10-13,2025-10-15,248.676468,248.636581,-0.000560,3,AAPL,fade_all
2026-01-20,2026-01-21,2026-01-23,248.238806,247.580017,-0.003054,3,AAPL,fade_all
2026-02-12,2026-02-13,2026-02-18,261.768832,264.106689,0.008531,3,AAPL,fade_all
2026-02-27,2026-03-02,2026-03-04,262.168447,262.278351,0.000019,3,AAPL,fade_all
2026-06-09,2026-06-10,2026-06-12,290.739990,291.130005,0.000941,3,AAPL,fade_all
2026-06-25,2026-06-26,2026-06-30,275.000000,289.359985,0.051818,3,AAPL,fade_all
2021-05-10,2021-05-11,2021-05-13,156.813995,158.073502,0.007632,3,AMZN,fade_all
2021-07-30,2021-08-02,2021-08-04,167.654999,167.735992,0.000083,3,AMZN,fade_all
2021-09-20,2021-09-21,2021-09-23,168.750000,170.800003,0.011748,3,AMZN,fade_all
2021-10-04,2021-10-05,2021-10-07,160.225006,165.121506,0.030160,3,AMZN,fade_all
2022-01-21,2022-01-24,2022-01-26,139.000000,138.872498,-0.001317,3,AMZN,fade_all
2022-02-03,2022-02-04,2022-02-08,155.606506,161.413498,0.036918,3,AMZN,fade_all
2022-03-07,2022-03-08,2022-03-10,136.683502,146.817505,0.073742,3,AMZN,fade_all
2022-04-29,2022-05-02,2022-05-04,122.401001,125.928497,0.028419,3,AMZN,fade_all
2022-05-05,2022-05-06,2022-05-10,114.849998,108.859001,-0.052564,3,AMZN,fade_all
2022-05-18,2022-05-19,2022-05-23,106.280502,107.556999,0.011611,3,AMZN,fade_all
2022-09-13,2022-09-14,2022-09-16,127.360001,123.529999,-0.030472,3,AMZN,fade_all
2022-10-28,2022-10-31,2022-11-02,103.559998,92.120003,-0.110867,3,AMZN,fade_all
2023-02-03,2023-02-06,2023-02-08,102.930000,100.050003,-0.028380,3,AMZN,fade_all
2023-06-07,2023-06-08,2023-06-12,123.010002,126.570000,0.028541,3,AMZN,fade_all
2023-07-20,2023-07-21,2023-07-25,131.339996,129.130005,-0.017226,3,AMZN,fade_all
2023-09-21,2023-09-22,2023-09-26,131.110001,125.980003,-0.039527,3,AMZN,fade_all
2023-09-26,2023-09-27,2023-09-29,125.760002,127.120003,0.010414,3,AMZN,fade_all
2023-10-25,2023-10-26,2023-10-30,120.629997,132.710007,0.099741,3,AMZN,fade_all
2024-07-24,2024-07-25,2024-07-29,182.910004,183.199997,0.001185,3,AMZN,fade_all
2024-08-02,2024-08-05,2024-08-07,154.210007,162.770004,0.055109,3,AMZN,fade_all
2024-10-31,2024-11-01,2024-11-05,199.000000,199.500000,0.002113,3,AMZN,fade_all
2024-11-15,2024-11-18,2024-11-20,204.149994,202.880005,-0.006621,3,AMZN,fade_all
2024-12-18,2024-12-19,2024-12-23,224.910004,225.059998,0.000267,3,AMZN,fade_all
2025-02-07,2025-02-10,2025-02-12,230.550003,228.929993,-0.007427,3,AMZN,fade_all
2025-03-03,2025-03-04,2025-03-06,200.110001,200.699997,0.002548,3,AMZN,fade_all
2025-03-06,2025-03-07,2025-03-11,199.490005,196.589996,-0.014937,3,AMZN,fade_all
2025-03-28,2025-03-31,2025-04-02,188.190002,196.009995,0.041154,3,AMZN,fade_all
2025-04-03,2025-04-04,2025-04-08,167.149994,170.660004,0.020599,3,AMZN,fade_all
2025-08-01,2025-08-04,2025-08-06,217.399994,222.309998,0.022185,3,AMZN,fade_all
2025-10-10,2025-10-13,2025-10-15,217.699997,215.570007,-0.010184,3,AMZN,fade_all
2025-11-18,2025-11-19,2025-11-21,223.740005,220.690002,-0.014032,3,AMZN,fade_all
2026-02-05,2026-02-06,2026-02-10,202.699997,206.960007,0.020616,3,AMZN,fade_all
2026-03-27,2026-03-30,2026-04-01,201.479996,210.570007,0.044716,3,AMZN,fade_all
2026-06-22,2026-06-23,2026-06-25,232.550003,227.009995,-0.024223,3,AMZN,fade_all
2021-09-28,2021-09-29,2021-10-01,135.776017,135.342896,-0.003590,3,GOOGL,fade_all
2021-10-22,2021-10-25,2021-10-27,136.341029,144.932358,0.062614,3,GOOGL,fade_all
2021-11-01,2021-11-02,2021-11-04,143.308751,146.964340,0.025108,3,GOOGL,fade_all
2022-01-05,2022-01-06,2022-01-10,135.794379,137.450684,0.011797,3,GOOGL,fade_all
2022-01-25,2022-01-26,2022-01-28,129.966562,132.178925,0.016623,3,GOOGL,fade_all
2022-03-07,2022-03-08,2022-03-10,125.140361,131.265549,0.048547,3,GOOGL,fade_all
2022-05-05,2022-05-06,2022-05-10,114.172107,113.389542,-0.007254,3,GOOGL,fade_all
2022-05-24,2022-05-25,2022-05-27,104.062752,111.329323,0.069429,3,GOOGL,fade_all
2022-07-22,2022-07-25,2022-07-27,107.457155,112.066284,0.042493,3,GOOGL,fade_all
2022-08-26,2022-08-29,2022-08-31,109.023265,107.268822,-0.016492,3,GOOGL,fade_all
2022-09-13,2022-09-14,2022-09-16,103.650905,101.896461,-0.017326,3,GOOGL,fade_all
2022-10-26,2022-10-27,2022-10-31,93.689227,93.679329,-0.000506,3,GOOGL,fade_all
2023-02-08,2023-02-09,2023-02-13,99.121066,93.778442,-0.054300,3,GOOGL,fade_all
2023-06-07,2023-06-08,2023-06-12,121.155688,122.553291,0.011136,3,GOOGL,fade_all
2023-10-25,2023-10-26,2023-10-30,122.186542,123.366089,0.009254,3,GOOGL,fade_all
2024-01-31,2024-02-01,2024-02-05,140.870896,142.417130,0.010576,3,GOOGL,fade_all
2024-02-26,2024-02-27,2024-02-29,136.806891,137.243073,0.002788,3,GOOGL,fade_all
2024-07-24,2024-07-25,2024-07-29,171.199941,168.232803,-0.017731,3,GOOGL,fade_all
2024-08-05,2024-08-06,2024-08-08,158.110862,160.790176,0.016546,3,GOOGL,fade_all
2024-09-03,2024-09-04,2024-09-06,155.461284,149.765213,-0.037040,3,GOOGL,fade_all
2024-09-06,2024-09-09,2024-09-11,151.543875,150.202423,-0.009252,3,GOOGL,fade_all
2024-11-21,2024-11-22,2024-11-26,164.799369,168.048630,0.019316,3,GOOGL,fade_all
2024-12-18,2024-12-19,2024-12-23,190.634270,193.618683,0.015255,3,GOOGL,fade_all
2025-01-27,2025-01-28,2025-01-30,191.748449,199.826263,0.041727,3,GOOGL,fade_all
2025-02-05,2025-02-06,2025-02-10,188.515367,185.501099,-0.016390,3,GOOGL,fade_all
2025-03-10,2025-03-11,2025-03-13,164.242066,162.100739,-0.013438,3,GOOGL,fade_all
2025-03-28,2025-03-31,2025-04-02,152.489870,156.403915,0.025268,3,GOOGL,fade_all
2025-05-07,2025-05-08,2025-05-12,154.372206,157.818207,0.021923,3,GOOGL,fade_all
2026-03-24,2026-03-25,2026-03-27,293.264829,274.176239,-0.065490,3,GOOGL,fade_all
2026-06-22,2026-06-23,2026-06-25,340.690002,343.709991,0.008464,3,GOOGL,fade_all
2021-07-29,2021-07-30,2021-08-03,350.918368,348.182434,-0.008196,3,META,fade_all
2021-09-22,2021-09-23,2021-09-27,342.353612,350.501984,0.023401,3,META,fade_all
2021-09-28,2021-09-29,2021-10-01,340.162849,340.024109,-0.000808,3,META,fade_all
2021-10-04,2021-10-05,2021-10-07,325.719647,326.354156,0.001548,3,META,fade_all
2021-10-22,2021-10-25,2021-10-27,317.511756,309.502106,-0.025626,3,META,fade_all
2021-11-30,2021-12-01,2021-12-03,327.414809,304.168915,-0.071398,3,META,fade_all
2022-01-18,2022-01-19,2022-01-21,316.798000,300.530884,-0.051749,3,META,fade_all
2022-01-21,2022-01-24,2022-01-26,295.247244,292.065216,-0.011178,3,META,fade_all
2022-02-03,2022-02-04,2022-02-08,232.924567,218.263306,-0.063344,3,META,fade_all
2022-09-13,2022-09-14,2022-09-16,151.995253,145.016525,-0.046314,3,META,fade_all
2022-10-27,2022-10-28,2022-11-01,98.713146,94.371277,-0.044385,3,META,fade_all
2023-10-25,2023-10-26,2023-10-30,292.432010,300.025330,0.025566,3,META,fade_all
2024-04-25,2024-04-26,2024-04-30,438.081358,426.877808,-0.025974,3,META,fade_all
2024-07-17,2024-07-18,2024-07-22,471.832664,484.149963,0.025705,3,META,fade_all
2024-07-24,2024-07-25,2024-07-29,460.170984,462.604584,0.004888,3,META,fade_all
2024-10-31,2024-11-01,2024-11-05,564.363087,569.155334,0.008091,3,META,fade_all
2024-11-15,2024-11-18,2024-11-20,553.853490,562.284973,0.014823,3,META,fade_all
2024-12-18,2024-12-19,2024-12-23,607.387801,596.899658,-0.017668,3,META,fade_all
2025-03-06,2025-03-07,2025-03-11,622.294151,602.730896,-0.031837,3,META,fade_all
2025-03-13,2025-03-14,2025-03-18,600.368846,580.011292,-0.034308,3,META,fade_all
2025-03-28,2025-03-31,2025-04-02,561.227342,581.574951,0.035856,3,META,fade_all
2025-04-03,2025-04-04,2025-04-08,504.576728,508.391266,0.007160,3,META,fade_all
2025-04-10,2025-04-11,2025-04-15,533.350195,519.416626,-0.026525,3,META,fade_all
2025-10-30,2025-10-31,2025-11-04,672.760263,625.692688,-0.070362,3,META,fade_all
2026-03-26,2026-03-27,2026-03-31,539.599843,571.600220,0.058904,3,META,fade_all
2026-04-30,2026-05-01,2026-05-05,614.120843,604.399841,-0.016229,3,META,fade_all
2026-06-01,2026-06-02,2026-06-04,602.681390,626.988892,0.039932,3,META,fade_all
2026-06-05,2026-06-08,2026-06-10,591.451826,570.451294,-0.035907,3,META,fade_all
2021-05-12,2021-05-13,2021-05-17,231.520051,234.756363,0.013579,3,MSFT,fade_all
2021-09-17,2021-09-20,2021-09-22,284.931313,287.094818,0.007193,3,MSFT,fade_all
2021-09-28,2021-09-29,2021-10-01,274.133346,277.979492,0.013630,3,MSFT,fade_all
2021-12-14,2021-12-15,2021-12-17,316.547729,311.914246,-0.015038,3,MSFT,fade_all
2022-01-05,2022-01-06,2022-01-10,301.655245,302.734100,0.003176,3,MSFT,fade_all
2022-01-13,2022-01-14,2022-01-19,293.081962,292.195648,-0.003424,3,MSFT,fade_all
2022-02-03,2022-02-04,2022-02-08,289.190190,293.380554,0.014090,3,MSFT,fade_all
2022-06-10,2022-06-13,2022-06-15,237.152052,243.586136,0.026731,3,MSFT,fade_all
2022-09-13,2022-09-14,2022-09-16,245.819351,237.296692,-0.035070,3,MSFT,fade_all
2022-10-07,2022-10-10,2022-10-12,225.962204,218.884232,-0.031724,3,MSFT,fade_all
2022-10-26,2022-10-27,2022-10-31,224.013326,225.070190,0.004318,3,MSFT,fade_all
2023-07-26,2023-07-27,2023-07-31,332.609973,328.155396,-0.013793,3,MSFT,fade_all
2023-10-26,2023-10-27,2023-10-31,323.475782,330.994110,0.022842,3,MSFT,fade_all
2024-01-31,2024-02-01,2024-02-05,394.171413,397.918579,0.009106,3,MSFT,fade_all
2024-03-05,2024-03-06,2024-03-08,396.020652,399.214630,0.007665,3,MSFT,fade_all
2024-04-30,2024-05-01,2024-05-03,385.839315,399.647095,0.035386,3,MSFT,fade_all
2024-05-30,2024-05-31,2024-06-04,410.301808,409.632294,-0.002032,3,MSFT,fade_all
2024-07-11,2024-07-12,2024-07-16,447.300309,442.564789,-0.010987,3,MSFT,fade_all
2024-07-24,2024-07-25,2024-07-29,422.165380,420.127380,-0.005227,3,MSFT,fade_all
2024-08-05,2024-08-06,2024-08-08,393.810952,396.459290,0.006325,3,MSFT,fade_all
2024-10-31,2024-11-01,2024-11-05,403.407362,405.823761,0.005590,3,MSFT,fade_all
2024-11-15,2024-11-18,2024-11-20,409.187057,409.798553,0.001094,3,MSFT,fade_all
2024-12-18,2024-12-19,2024-12-23,436.442495,430.147217,-0.014824,3,MSFT,fade_all
2025-01-30,2025-01-31,2025-02-04,414.067934,407.535400,-0.016176,3,MSFT,fade_all
2025-03-10,2025-03-11,2025-03-13,375.307736,375.079926,-0.001007,3,MSFT,fade_all
2025-04-04,2025-04-07,2025-04-09,347.461647,386.685730,0.112488,3,MSFT,fade_all
2025-09-05,2025-09-08,2025-09-10,494.975176,497.221008,0.004137,3,MSFT,fade_all
2025-10-10,2025-10-13,2025-10-15,513.160013,510.198792,-0.006171,3,MSFT,fade_all
2025-10-30,2025-10-31,2025-11-04,525.551548,511.093170,-0.027911,3,MSFT,fade_all
2025-11-18,2025-11-19,2025-11-21,487.015608,470.026825,-0.035283,3,MSFT,fade_all
2025-12-03,2025-12-04,2025-12-08,477.632992,488.843048,0.023070,3,MSFT,fade_all
2025-12-10,2025-12-11,2025-12-15,474.516837,472.714874,-0.004197,3,MSFT,fade_all
2026-01-29,2026-01-30,2026-02-03,437.222960,409.386871,-0.064066,3,MSFT,fade_all
2026-02-05,2026-02-06,2026-02-10,397.400275,411.437744,0.034923,3,MSFT,fade_all
2026-04-30,2026-05-01,2026-05-05,411.907841,410.490936,-0.003840,3,MSFT,fade_all
2026-06-02,2026-06-03,2026-06-05,438.450012,416.670013,-0.050075,3,MSFT,fade_all
2021-04-21,2021-04-22,2021-04-26,51.382000,51.029999,-0.007251,3,NFLX,fade_all
2021-07-21,2021-07-22,2021-07-26,51.021000,51.648998,0.011909,3,NFLX,fade_all
2021-11-05,2021-11-08,2021-11-10,65.028999,64.691002,-0.005598,3,NFLX,fade_all
2021-12-01,2021-12-02,2021-12-06,61.709999,61.269001,-0.007546,3,NFLX,fade_all
2022-01-05,2022-01-06,2022-01-10,55.433998,53.985001,-0.026539,3,NFLX,fade_all
2022-01-21,2022-01-24,2022-01-26,38.390999,35.970001,-0.063462,3,NFLX,fade_all
2022-04-20,2022-04-21,2022-04-25,22.000000,20.990999,-0.046264,3,NFLX,fade_all
2022-09-13,2022-09-14,2022-09-16,21.982000,24.013000,0.091994,3,NFLX,fade_all
2022-10-11,2022-10-12,2022-10-14,21.430000,23.000000,0.072862,3,NFLX,fade_all
2022-12-15,2022-12-16,2022-12-20,28.875999,28.819000,-0.002374,3,NFLX,fade_all
2023-07-20,2023-07-21,2023-07-25,43.737000,42.770000,-0.022509,3,NFLX,fade_all
2023-08-24,2023-08-25,2023-08-29,41.200001,42.999001,0.043265,3,NFLX,fade_all
2023-09-13,2023-09-14,2023-09-18,41.040001,39.439999,-0.039386,3,NFLX,fade_all
2024-04-19,2024-04-22,2024-04-24,55.066002,55.512001,0.007699,3,NFLX,fade_all
2024-09-03,2024-09-04,2024-09-06,67.331001,66.577003,-0.011598,3,NFLX,fade_all
2025-01-10,2025-01-13,2025-01-15,83.153000,84.825996,0.019719,3,NFLX,fade_all
2025-03-06,2025-03-07,2025-03-11,89.764000,89.510002,-0.003230,3,NFLX,fade_all
2025-04-04,2025-04-07,2025-04-09,82.785004,94.546997,0.141679,3,NFLX,fade_all
2025-07-18,2025-07-21,2025-07-23,120.599998,117.678001,-0.024629,3,NFLX,fade_all
2025-09-11,2025-09-12,2025-09-16,120.306000,120.051003,-0.002520,3,NFLX,fade_all
2025-10-22,2025-10-23,2025-10-27,112.690002,109.456001,-0.029098,3,NFLX,fade_all
2025-12-03,2025-12-04,2025-12-08,103.570000,96.790001,-0.065863,3,NFLX,fade_all
2026-02-12,2026-02-13,2026-02-18,76.139999,77.989998,0.023897,3,NFLX,fade_all
2026-04-17,2026-04-20,2026-04-22,97.139999,93.239998,-0.040548,3,NFLX,fade_all
2026-06-22,2026-06-23,2026-06-25,73.260002,70.900002,-0.032614,3,NFLX,fade_all
2021-07-15,2021-07-16,2021-07-20,18.987005,18.569464,-0.022391,3,NVDA,fade_all
2021-09-28,2021-09-29,2021-10-01,20.895829,20.698240,-0.009856,3,NVDA,fade_all
2021-10-04,2021-10-05,2021-10-07,19.907919,21.030540,0.055991,3,NVDA,fade_all
2021-12-13,2021-12-14,2021-12-16,27.643951,28.330584,0.024438,3,NVDA,fade_all
2022-05-09,2022-05-10,2022-05-12,17.656854,16.145605,-0.085990,3,NVDA,fade_all
2022-08-26,2022-08-29,2022-08-31,15.994266,15.069754,-0.058203,3,NVDA,fade_all
2022-09-01,2022-09-02,2022-09-07,14.077351,13.696038,-0.027487,3,NVDA,fade_all
2022-09-13,2022-09-14,2022-09-16,13.236643,13.180716,-0.004625,3,NVDA,fade_all
2022-10-07,2022-10-10,2022-10-12,12.021236,11.484939,-0.045013,3,NVDA,fade_all
2024-02-20,2024-02-21,2024-02-23,67.964464,78.768845,0.158571,3,NVDA,fade_all
2024-04-19,2024-04-22,2024-04-24,78.059948,79.632065,0.019740,3,NVDA,fade_all
2024-06-24,2024-06-25,2024-06-27,121.141578,123.930244,0.022620,3,NVDA,fade_all
2024-07-24,2024-07-25,2024-07-29,112.985527,111.536217,-0.013227,3,NVDA,fade_all
2024-07-30,2024-07-31,2024-08-02,112.845591,107.218292,-0.050267,3,NVDA,fade_all
2024-09-03,2024-09-04,2024-09-06,105.359196,102.780449,-0.024876,3,NVDA,fade_all
2025-01-07,2025-01-08,2025-01-13,142.533294,133.186371,-0.065977,3,NVDA,fade_all
2025-01-27,2025-01-28,2025-01-30,121.770098,124.609177,0.022915,3,NVDA,fade_all
2025-02-27,2025-02-28,2025-03-04,117.981340,115.952003,-0.017600,3,NVDA,fade_all
2025-08-19,2025-08-20,2025-08-22,175.140892,177.960434,0.015699,3,NVDA,fade_all
2025-08-29,2025-09-02,2025-09-04,169.971748,171.631485,0.009365,3,NVDA,fade_all
2025-10-10,2025-10-13,2025-10-15,187.949364,179.810257,-0.043705,3,NVDA,fade_all
2026-01-20,2026-01-21,2026-01-23,179.040316,187.659836,0.047743,3,NVDA,fade_all
2026-02-26,2026-02-27,2026-03-03,181.240198,180.040253,-0.007021,3,NVDA,fade_all
2026-06-05,2026-06-08,2026-06-10,210.179993,200.419998,-0.046836,3,NVDA,fade_all
2021-06-10,2021-06-11,2021-06-15,76.620351,76.302582,-0.004547,3,ORCL,fade_all
2021-06-16,2021-06-17,2021-06-21,71.956562,72.891190,0.012589,3,ORCL,fade_all
2021-07-23,2021-07-26,2021-07-28,82.024851,81.780952,-0.003373,3,ORCL,fade_all
2021-09-14,2021-09-15,2021-09-17,81.189975,81.039871,-0.002249,3,ORCL,fade_all
2021-09-30,2021-10-01,2021-10-05,82.325029,85.824028,0.042102,3,ORCL,fade_all
2021-12-17,2021-12-20,2021-12-22,90.763342,84.588219,-0.068435,3,ORCL,fade_all
2022-04-22,2022-04-25,2022-04-27,72.277706,70.911835,-0.019298,3,ORCL,fade_all
2022-05-18,2022-05-19,2022-05-23,64.006568,66.434799,0.037537,3,ORCL,fade_all
2022-06-13,2022-06-14,2022-06-16,68.293893,65.173248,-0.046094,3,ORCL,fade_all
2022-09-14,2022-09-15,2022-09-19,68.122953,65.807739,-0.034386,3,ORCL,fade_all
2022-12-05,2022-12-06,2022-12-08,75.990826,76.680351,0.008674,3,ORCL,fade_all
2023-03-10,2023-03-13,2023-03-15,80.091977,79.765137,-0.004481,3,ORCL,fade_all
2023-05-23,2023-05-24,2023-05-26,94.549436,100.466621,0.062183,3,ORCL,fade_all
2023-08-24,2023-08-25,2023-08-29,109.372561,116.870064,0.068150,3,ORCL,fade_all
2023-09-12,2023-09-13,2023-09-15,104.926359,110.341232,0.051206,3,ORCL,fade_all
2023-10-20,2023-10-23,2023-10-25,99.204810,98.611755,-0.006378,3,ORCL,fade_all
2023-12-12,2023-12-13,2023-12-15,98.271491,100.449249,0.021761,3,ORCL,fade_all
2024-05-30,2024-05-31,2024-06-04,114.156968,117.564339,0.029448,3,ORCL,fade_all
2024-12-10,2024-12-11,2024-12-13,175.170520,170.633804,-0.026299,3,ORCL,fade_all
2025-01-10,2025-01-13,2025-01-15,151.668045,156.176453,0.029325,3,ORCL,fade_all
2025-01-27,2025-01-28,2025-01-30,160.793382,168.083801,0.044940,3,ORCL,fade_all
2025-03-06,2025-03-07,2025-03-11,148.590071,142.236862,-0.043157,3,ORCL,fade_all
2025-08-19,2025-08-20,2025-08-22,230.362148,234.519363,0.017646,3,ORCL,fade_all
2025-08-29,2025-09-02,2025-09-04,220.261860,221.254028,0.004104,3,ORCL,fade_all
2025-12-11,2025-12-12,2025-12-16,195.170628,187.497787,-0.039713,3,ORCL,fade_all
2026-02-05,2026-02-06,2026-02-10,139.263615,159.333511,0.143714,3,ORCL,fade_all
2026-06-05,2026-06-08,2026-06-10,217.750000,201.259995,-0.076129,3,ORCL,fade_all
2026-06-11,2026-06-12,2026-06-16,185.009995,188.330002,0.017545,3,ORCL,fade_all
2021-09-20,2021-09-21,2021-09-23,244.929993,251.213333,0.025254,3,TSLA,fade_all
2021-11-09,2021-11-10,2021-11-12,336.803345,344.473328,0.022373,3,TSLA,fade_all
2022-01-27,2022-01-28,2022-02-01,277.186676,310.416656,0.119483,3,TSLA,fade_all
2022-04-26,2022-04-27,2022-04-29,299.526672,290.253326,-0.031360,3,TSLA,fade_all
2022-05-05,2022-05-06,2022-05-10,295.666656,266.679993,-0.098438,3,TSLA,fade_all
2022-06-03,2022-06-06,2022-06-08,244.353333,241.866669,-0.010577,3,TSLA,fade_all
2022-09-29,2022-09-30,2022-10-04,266.149994,249.440002,-0.063184,3,TSLA,fade_all
2022-10-14,2022-10-17,2022-10-19,210.039993,222.039993,0.056732,3,TSLA,fade_all
2022-10-20,2022-10-21,2022-10-25,206.419998,222.419998,0.077112,3,TSLA,fade_all
2022-11-09,2022-11-10,2022-11-14,189.899994,190.949997,0.005129,3,TSLA,fade_all
2022-12-20,2022-12-21,2022-12-23,139.339996,123.150002,-0.116591,3,TSLA,fade_all
2022-12-27,2022-12-28,2022-12-30,110.349998,123.180000,0.115866,3,TSLA,fade_all
2023-01-03,2023-01-04,2023-01-06,109.110001,113.059998,0.035802,3,TSLA,fade_all
2023-04-20,2023-04-21,2023-04-25,164.800003,160.669998,-0.025461,3,TSLA,fade_all
2023-07-20,2023-07-21,2023-07-25,268.000000,265.279999,-0.010549,3,TSLA,fade_all
2023-10-19,2023-10-20,2023-10-24,217.009995,216.520004,-0.002658,3,TSLA,fade_all
2024-01-25,2024-01-26,2024-01-30,185.500000,191.589996,0.032430,3,TSLA,fade_all
2024-03-04,2024-03-05,2024-03-07,183.050003,178.649994,-0.024437,3,TSLA,fade_all
2024-07-11,2024-07-12,2024-07-16,235.800003,256.559998,0.087641,3,TSLA,fade_all
2024-07-24,2024-07-25,2024-07-29,216.800003,232.100006,0.070172,3,TSLA,fade_all
2024-09-06,2024-09-09,2024-09-11,216.199997,228.130005,0.054780,3,TSLA,fade_all
2024-10-11,2024-10-14,2024-10-16,220.130005,221.330002,0.005051,3,TSLA,fade_all
2025-02-25,2025-02-26,2025-02-28,303.709991,292.980011,-0.035730,3,TSLA,fade_all
2025-03-10,2025-03-11,2025-03-13,225.309998,240.679993,0.067817,3,TSLA,fade_all
2025-04-04,2025-04-07,2025-04-09,223.779999,272.200012,0.215973,3,TSLA,fade_all
2025-06-05,2025-06-06,2025-06-10,298.829987,326.089996,0.090822,3,TSLA,fade_all
2025-07-24,2025-07-25,2025-07-29,308.739990,321.200012,0.039958,3,TSLA,fade_all
2025-11-13,2025-11-14,2025-11-18,386.299988,401.250000,0.038301,3,TSLA,fade_all
2026-04-02,2026-04-06,2026-04-08,362.589996,343.250000,-0.053738,3,TSLA,fade_all
2026-06-05,2026-06-08,2026-06-10,396.329987,381.589996,-0.037591,3,TSLA,fade_all
2026-06-23,2026-06-24,2026-06-26,380.079987,379.709991,-0.001373,3,TSLA,fade_all
2026-07-02,2026-07-06,2026-07-08,397.500000,394.059998,-0.009054,3,TSLA,fade_all
2021-07-19,2021-07-20,2021-07-22,139.837906,143.093597,0.022882,3,AAPL,fade_vv
2021-08-18,2021-08-19,2021-08-23,141.580055,146.148773,0.031870,3,AAPL,fade_vv
2021-11-26,2021-11-29,2021-12-01,155.806031,161.085251,0.033483,3,AAPL,fade_vv
2021-12-16,2021-12-17,2021-12-21,166.129873,169.121475,0.017608,3,AAPL,fade_vv
2022-05-05,2022-05-06,2022-05-10,152.939879,151.469360,-0.010015,3,AAPL,fade_vv
2022-05-11,2022-05-12,2022-05-16,139.960391,142.675919,0.019002,3,AAPL,fade_vv
2022-05-18,2022-05-19,2022-05-23,137.127290,140.293732,0.022691,3,AAPL,fade_vv
2022-09-29,2022-09-30,2022-10-04,138.692086,143.423813,0.033717,3,AAPL,fade_vv
2023-08-24,2023-08-25,2023-08-29,175.163896,181.819641,0.037597,3,AAPL,fade_vv
2024-03-04,2024-03-05,2024-03-07,169.064186,167.321671,-0.010707,3,AAPL,fade_vv
2024-10-01,2024-10-02,2024-10-04,224.209259,225.112488,0.003629,3,AAPL,fade_vv
2025-01-02,2025-01-03,2025-01-07,241.815033,240.672348,-0.005125,3,AAPL,fade_vv
2025-01-10,2025-01-13,2025-01-15,232.047439,236.359863,0.018184,3,AAPL,fade_vv
2025-01-16,2025-01-17,2025-01-22,230.646403,222.409012,-0.036114,3,AAPL,fade_vv
2025-02-03,2025-02-04,2025-02-06,225.807299,231.739395,0.025871,3,AAPL,fade_vv
2025-10-10,2025-10-13,2025-10-15,248.676468,248.636581,-0.000560,3,AAPL,fade_vv
2026-02-12,2026-02-13,2026-02-18,261.768832,264.106689,0.008531,3,AAPL,fade_vv
2026-02-27,2026-03-02,2026-03-04,262.168447,262.278351,0.000019,3,AAPL,fade_vv
2026-06-09,2026-06-10,2026-06-12,290.739990,291.130005,0.000941,3,AAPL,fade_vv
2021-05-10,2021-05-11,2021-05-13,156.813995,158.073502,0.007632,3,AMZN,fade_vv
2022-03-07,2022-03-08,2022-03-10,136.683502,146.817505,0.073742,3,AMZN,fade_vv
2022-05-18,2022-05-19,2022-05-23,106.280502,107.556999,0.011611,3,AMZN,fade_vv
2023-06-07,2023-06-08,2023-06-12,123.010002,126.570000,0.028541,3,AMZN,fade_vv
2023-07-20,2023-07-21,2023-07-25,131.339996,129.130005,-0.017226,3,AMZN,fade_vv
2023-09-21,2023-09-22,2023-09-26,131.110001,125.980003,-0.039527,3,AMZN,fade_vv
2023-09-26,2023-09-27,2023-09-29,125.760002,127.120003,0.010414,3,AMZN,fade_vv
2024-07-24,2024-07-25,2024-07-29,182.910004,183.199997,0.001185,3,AMZN,fade_vv
2024-12-18,2024-12-19,2024-12-23,224.910004,225.059998,0.000267,3,AMZN,fade_vv
2025-03-03,2025-03-04,2025-03-06,200.110001,200.699997,0.002548,3,AMZN,fade_vv
2025-03-06,2025-03-07,2025-03-11,199.490005,196.589996,-0.014937,3,AMZN,fade_vv
2025-03-28,2025-03-31,2025-04-02,188.190002,196.009995,0.041154,3,AMZN,fade_vv
2025-11-18,2025-11-19,2025-11-21,223.740005,220.690002,-0.014032,3,AMZN,fade_vv
2026-03-27,2026-03-30,2026-04-01,201.479996,210.570007,0.044716,3,AMZN,fade_vv
2021-11-01,2021-11-02,2021-11-04,143.308751,146.964340,0.025108,3,GOOGL,fade_vv
2022-01-25,2022-01-26,2022-01-28,129.966562,132.178925,0.016623,3,GOOGL,fade_vv
2022-03-07,2022-03-08,2022-03-10,125.140361,131.265549,0.048547,3,GOOGL,fade_vv
2022-05-05,2022-05-06,2022-05-10,114.172107,113.389542,-0.007254,3,GOOGL,fade_vv
2022-07-22,2022-07-25,2022-07-27,107.457155,112.066284,0.042493,3,GOOGL,fade_vv
2023-06-07,2023-06-08,2023-06-12,121.155688,122.553291,0.011136,3,GOOGL,fade_vv
2024-12-18,2024-12-19,2024-12-23,190.634270,193.618683,0.015255,3,GOOGL,fade_vv
2025-03-10,2025-03-11,2025-03-13,164.242066,162.100739,-0.013438,3,GOOGL,fade_vv
2025-03-28,2025-03-31,2025-04-02,152.489870,156.403915,0.025268,3,GOOGL,fade_vv
2026-03-24,2026-03-25,2026-03-27,293.264829,274.176239,-0.065490,3,GOOGL,fade_vv
2021-09-28,2021-09-29,2021-10-01,340.162849,340.024109,-0.000808,3,META,fade_vv
2021-11-30,2021-12-01,2021-12-03,327.414809,304.168915,-0.071398,3,META,fade_vv
2022-01-18,2022-01-19,2022-01-21,316.798000,300.530884,-0.051749,3,META,fade_vv
2024-07-24,2024-07-25,2024-07-29,460.170984,462.604584,0.004888,3,META,fade_vv
2024-11-15,2024-11-18,2024-11-20,553.853490,562.284973,0.014823,3,META,fade_vv
2025-03-06,2025-03-07,2025-03-11,622.294151,602.730896,-0.031837,3,META,fade_vv
2025-03-13,2025-03-14,2025-03-18,600.368846,580.011292,-0.034308,3,META,fade_vv
2025-03-28,2025-03-31,2025-04-02,561.227342,581.574951,0.035856,3,META,fade_vv
2025-04-10,2025-04-11,2025-04-15,533.350195,519.416626,-0.026525,3,META,fade_vv
2021-05-12,2021-05-13,2021-05-17,231.520051,234.756363,0.013579,3,MSFT,fade_vv
2021-12-16,2021-12-17,2021-12-21,309.101447,315.276245,0.019577,3,MSFT,fade_vv
2022-01-05,2022-01-06,2022-01-10,301.655245,302.734100,0.003176,3,MSFT,fade_vv
2022-02-03,2022-02-04,2022-02-08,289.190190,293.380554,0.014090,3,MSFT,fade_vv
2022-06-10,2022-06-13,2022-06-15,237.152052,243.586136,0.026731,3,MSFT,fade_vv
2022-10-07,2022-10-10,2022-10-12,225.962204,218.884232,-0.031724,3,MSFT,fade_vv
2024-03-05,2024-03-06,2024-03-08,396.020652,399.214630,0.007665,3,MSFT,fade_vv
2024-04-30,2024-05-01,2024-05-03,385.839315,399.647095,0.035386,3,MSFT,fade_vv
2024-07-11,2024-07-12,2024-07-16,447.300309,442.564789,-0.010987,3,MSFT,fade_vv
2024-11-15,2024-11-18,2024-11-20,409.187057,409.798553,0.001094,3,MSFT,fade_vv
2024-12-18,2024-12-19,2024-12-23,436.442495,430.147217,-0.014824,3,MSFT,fade_vv
2025-03-10,2025-03-11,2025-03-13,375.307736,375.079926,-0.001007,3,MSFT,fade_vv
2025-10-10,2025-10-13,2025-10-15,513.160013,510.198792,-0.006171,3,MSFT,fade_vv
2025-11-18,2025-11-19,2025-11-21,487.015608,470.026825,-0.035283,3,MSFT,fade_vv
2025-12-03,2025-12-04,2025-12-08,477.632992,488.843048,0.023070,3,MSFT,fade_vv
2025-12-10,2025-12-11,2025-12-15,474.516837,472.714874,-0.004197,3,MSFT,fade_vv
2026-06-02,2026-06-03,2026-06-05,438.450012,416.670013,-0.050075,3,MSFT,fade_vv
2021-11-05,2021-11-08,2021-11-10,65.028999,64.691002,-0.005598,3,NFLX,fade_vv
2021-12-01,2021-12-02,2021-12-06,61.709999,61.269001,-0.007546,3,NFLX,fade_vv
2022-09-13,2022-09-14,2022-09-16,21.982000,24.013000,0.091994,3,NFLX,fade_vv
2022-10-11,2022-10-12,2022-10-14,21.430000,23.000000,0.072862,3,NFLX,fade_vv
2023-08-24,2023-08-25,2023-08-29,41.200001,42.999001,0.043265,3,NFLX,fade_vv
2024-09-03,2024-09-04,2024-09-06,67.331001,66.577003,-0.011598,3,NFLX,fade_vv
2025-04-04,2025-04-07,2025-04-09,82.785004,94.546997,0.141679,3,NFLX,fade_vv
2025-07-22,2025-07-23,2025-07-25,118.981003,118.049004,-0.008233,3,NFLX,fade_vv
2025-12-03,2025-12-04,2025-12-08,103.570000,96.790001,-0.065863,3,NFLX,fade_vv
2026-02-12,2026-02-13,2026-02-18,76.139999,77.989998,0.023897,3,NFLX,fade_vv
2021-07-15,2021-07-16,2021-07-20,18.987005,18.569464,-0.022391,3,NVDA,fade_vv
2021-09-28,2021-09-29,2021-10-01,20.895829,20.698240,-0.009856,3,NVDA,fade_vv
2021-10-04,2021-10-05,2021-10-07,19.907919,21.030540,0.055991,3,NVDA,fade_vv
2021-12-13,2021-12-14,2021-12-16,27.643951,28.330584,0.024438,3,NVDA,fade_vv
2022-05-09,2022-05-10,2022-05-12,17.656854,16.145605,-0.085990,3,NVDA,fade_vv
2022-09-13,2022-09-14,2022-09-16,13.236643,13.180716,-0.004625,3,NVDA,fade_vv
2022-10-07,2022-10-10,2022-10-12,12.021236,11.484939,-0.045013,3,NVDA,fade_vv
2024-02-20,2024-02-21,2024-02-23,67.964464,78.768845,0.158571,3,NVDA,fade_vv
2024-06-24,2024-06-25,2024-06-27,121.141578,123.930244,0.022620,3,NVDA,fade_vv
2024-07-24,2024-07-25,2024-07-29,112.985527,111.536217,-0.013227,3,NVDA,fade_vv
2024-09-03,2024-09-04,2024-09-06,105.359196,102.780449,-0.024876,3,NVDA,fade_vv
2025-08-19,2025-08-20,2025-08-22,175.140892,177.960434,0.015699,3,NVDA,fade_vv
2025-08-29,2025-09-02,2025-09-04,169.971748,171.631485,0.009365,3,NVDA,fade_vv
2025-10-14,2025-10-15,2025-10-17,184.779712,183.199890,-0.008950,3,NVDA,fade_vv
2026-01-20,2026-01-21,2026-01-23,179.040316,187.659836,0.047743,3,NVDA,fade_vv
2026-06-05,2026-06-08,2026-06-10,210.179993,200.419998,-0.046836,3,NVDA,fade_vv
2021-07-23,2021-07-26,2021-07-28,82.024851,81.780952,-0.003373,3,ORCL,fade_vv
2021-09-30,2021-10-01,2021-10-05,82.325029,85.824028,0.042102,3,ORCL,fade_vv
2021-12-20,2021-12-21,2021-12-23,86.423822,84.456436,-0.023164,3,ORCL,fade_vv
2022-04-22,2022-04-25,2022-04-27,72.277706,70.911835,-0.019298,3,ORCL,fade_vv
2022-05-18,2022-05-19,2022-05-23,64.006568,66.434799,0.037537,3,ORCL,fade_vv
2022-12-05,2022-12-06,2022-12-08,75.990826,76.680351,0.008674,3,ORCL,fade_vv
2025-03-06,2025-03-07,2025-03-11,148.590071,142.236862,-0.043157,3,ORCL,fade_vv
2026-06-05,2026-06-08,2026-06-10,217.750000,201.259995,-0.076129,3,ORCL,fade_vv
2021-09-20,2021-09-21,2021-09-23,244.929993,251.213333,0.025254,3,TSLA,fade_vv
2022-05-05,2022-05-06,2022-05-10,295.666656,266.679993,-0.098438,3,TSLA,fade_vv
2022-06-03,2022-06-06,2022-06-08,244.353333,241.866669,-0.010577,3,TSLA,fade_vv
2022-09-29,2022-09-30,2022-10-04,266.149994,249.440002,-0.063184,3,TSLA,fade_vv
2022-10-14,2022-10-17,2022-10-19,210.039993,222.039993,0.056732,3,TSLA,fade_vv
2023-07-20,2023-07-21,2023-07-25,268.000000,265.279999,-0.010549,3,TSLA,fade_vv
2023-10-19,2023-10-20,2023-10-24,217.009995,216.520004,-0.002658,3,TSLA,fade_vv
2024-03-04,2024-03-05,2024-03-07,183.050003,178.649994,-0.024437,3,TSLA,fade_vv
2024-07-24,2024-07-25,2024-07-29,216.800003,232.100006,0.070172,3,TSLA,fade_vv
2025-04-04,2025-04-07,2025-04-09,223.779999,272.200012,0.215973,3,TSLA,fade_vv
2025-11-13,2025-11-14,2025-11-18,386.299988,401.250000,0.038301,3,TSLA,fade_vv
2026-04-02,2026-04-06,2026-04-08,362.589996,343.250000,-0.053738,3,TSLA,fade_vv
2026-06-05,2026-06-08,2026-06-10,396.329987,381.589996,-0.037591,3,TSLA,fade_vv
2026-06-23,2026-06-24,2026-06-26,380.079987,379.709991,-0.001373,3,TSLA,fade_vv
2021-08-30,2021-08-31,2021-09-02,149.028581,149.995041,0.006085,3,AAPL,brk_all
2021-10-28,2021-10-29,2021-11-02,143.718003,146.451370,0.018619,3,AAPL,brk_all
2021-11-18,2021-11-19,2021-11-23,154.124469,157.800385,0.023450,3,AAPL,brk_all
2021-11-30,2021-12-01,2021-12-03,163.734639,158.220795,-0.034075,3,AAPL,brk_all
2021-12-07,2021-12-08,2021-12-10,168.280677,175.436951,0.042126,3,AAPL,brk_all
2021-12-15,2021-12-16,2021-12-20,175.270761,165.953903,-0.053557,3,AAPL,brk_all
2022-01-28,2022-01-31,2022-02-02,166.354735,171.907700,0.032980,3,AAPL,brk_all
2022-04-28,2022-04-29,2022-05-03,158.422336,156.112213,-0.014982,3,AAPL,brk_all
2022-05-04,2022-05-05,2022-05-09,160.389965,149.067566,-0.070993,3,AAPL,brk_all
2022-09-12,2022-09-13,2022-09-15,156.971059,149.578964,-0.047492,3,AAPL,brk_all
2022-10-28,2022-10-31,2022-11-02,150.354509,142.373413,-0.053482,3,AAPL,brk_all
2022-11-10,2022-11-11,2022-11-15,143.386438,147.536011,0.028540,3,AAPL,brk_all
2023-03-03,2023-03-06,2023-03-08,151.454282,150.548294,-0.006382,3,AAPL,brk_all
2023-04-13,2023-04-14,2023-04-18,162.090258,163.941696,0.011022,3,AAPL,brk_all
2023-04-27,2023-04-28,2023-05-02,165.931037,165.980286,-0.000103,3,AAPL,brk_all
2023-05-05,2023-05-08,2023-05-10,169.860432,170.924011,0.005861,3,AAPL,brk_all
2023-06-30,2023-07-03,2023-07-06,191.100876,189.158157,-0.010566,3,AAPL,brk_all
2024-01-08,2024-01-09,2024-01-11,181.861449,183.512741,0.008680,3,AAPL,brk_all
2024-01-18,2024-01-19,2024-01-23,187.210888,192.995392,0.030498,3,AAPL,brk_all
2024-04-11,2024-04-12,2024-04-16,172.529440,167.697906,-0.028404,3,AAPL,brk_all
2024-05-03,2024-05-06,2024-05-08,180.539100,180.925232,0.001739,3,AAPL,brk_all
2024-06-11,2024-06-12,2024-06-14,205.589113,210.665115,0.024290,3,AAPL,brk_all
2024-09-19,2024-09-20,2024-09-24,228.258910,225.678253,-0.011706,3,AAPL,brk_all
2025-01-27,2025-01-28,2025-01-30,229.384460,236.081650,0.028796,3,AAPL,brk_all
2025-04-09,2025-04-10,2025-04-14,188.076264,201.455566,0.070738,3,AAPL,brk_all
2025-08-06,2025-08-07,2025-08-11,218.015088,226.539093,0.038698,3,AAPL,brk_all
2025-09-03,2025-09-04,2025-09-08,237.777296,237.208923,-0.002790,3,AAPL,brk_all
2025-09-19,2025-09-22,2025-09-24,247.599524,251.598206,0.015750,3,AAPL,brk_all
2025-10-20,2025-10-21,2025-10-23,261.141213,258.847717,-0.009183,3,AAPL,brk_all
2026-01-26,2026-01-27,2026-01-29,258.689402,257.801025,-0.003834,3,AAPL,brk_all
2026-02-02,2026-02-03,2026-02-05,268.700806,275.398346,0.024526,3,AAPL,brk_all
2026-02-17,2026-02-18,2026-02-20,263.357380,264.336456,0.003318,3,AAPL,brk_all
2026-05-01,2026-05-04,2026-05-06,279.402577,287.245361,0.027670,3,AAPL,brk_all
2026-06-02,2026-06-03,2026-06-05,314.179993,307.339996,-0.022171,3,AAPL,brk_all
2026-07-02,2026-07-06,2026-07-08,307.359985,313.390015,0.019219,3,AAPL,brk_all
2021-07-06,2021-07-07,2021-07-09,185.869003,185.966995,0.000127,3,AMZN,brk_all
2021-10-15,2021-10-18,2021-10-20,169.417999,170.753006,0.007480,3,AMZN,brk_all
2021-11-04,2021-11-05,2021-11-09,173.850006,178.811493,0.028139,3,AMZN,brk_all
2021-11-18,2021-11-19,2021-11-23,185.634506,179.001999,-0.036129,3,AMZN,brk_all
2022-01-31,2022-02-01,2022-02-03,150.000000,138.845505,-0.074763,3,AMZN,brk_all
2022-02-04,2022-02-07,2022-02-09,158.520004,161.189499,0.016440,3,AMZN,brk_all
2022-07-29,2022-08-01,2022-08-03,134.960007,139.520004,0.033388,3,AMZN,brk_all
2022-10-17,2022-10-18,2022-10-20,119.059998,115.250000,-0.032401,3,AMZN,brk_all
2022-11-10,2022-11-11,2022-11-15,97.879997,98.940002,0.010430,3,AMZN,brk_all
2023-02-02,2023-02-03,2023-02-07,105.260002,102.110001,-0.030326,3,AMZN,brk_all
2023-04-13,2023-04-14,2023-04-18,102.070000,102.300003,0.001853,3,AMZN,brk_all
2023-05-26,2023-05-30,2023-06-01,122.370003,122.769997,0.002869,3,AMZN,brk_all
2023-06-22,2023-06-23,2023-06-27,129.110001,129.179993,0.000142,3,AMZN,brk_all
2023-08-04,2023-08-07,2023-08-09,140.990005,137.850006,-0.022671,3,AMZN,brk_all
2023-10-27,2023-10-30,2023-11-01,129.720001,137.000000,0.055721,3,AMZN,brk_all
2024-02-01,2024-02-02,2024-02-06,169.190002,169.149994,-0.000636,3,AMZN,brk_all
2024-02-22,2024-02-23,2024-02-27,174.279999,173.539993,-0.004646,3,AMZN,brk_all
2024-05-02,2024-05-03,2024-05-07,186.990005,188.759995,0.009066,3,AMZN,brk_all
2024-06-26,2024-06-27,2024-07-01,195.009995,197.199997,0.010830,3,AMZN,brk_all
2024-07-31,2024-08-01,2024-08-05,189.289993,161.020004,-0.149748,3,AMZN,brk_all
2024-08-15,2024-08-16,2024-08-20,177.039993,178.880005,0.009993,3,AMZN,brk_all
2024-11-01,2024-11-04,2024-11-06,196.449997,207.089996,0.053761,3,AMZN,brk_all
2024-11-06,2024-11-07,2024-11-11,207.440002,206.839996,-0.003292,3,AMZN,brk_all
2025-03-24,2025-03-25,2025-03-27,203.600006,201.360001,-0.011402,3,AMZN,brk_all
2025-04-09,2025-04-10,2025-04-14,185.440002,182.119995,-0.018303,3,AMZN,brk_all
2025-05-12,2025-05-13,2025-05-15,211.080002,205.169998,-0.028399,3,AMZN,brk_all
2025-08-06,2025-08-07,2025-08-11,221.000000,221.300003,0.000957,3,AMZN,brk_all
2025-09-04,2025-09-05,2025-09-09,235.190002,238.240005,0.012568,3,AMZN,brk_all
2025-10-31,2025-11-03,2025-11-05,255.360001,250.199997,-0.020607,3,AMZN,brk_all
2026-03-04,2026-03-05,2026-03-09,215.979996,213.490005,-0.011929,3,AMZN,brk_all
2026-04-09,2026-04-10,2026-04-14,235.300003,249.020004,0.057909,3,AMZN,brk_all
2021-04-05,2021-04-06,2021-04-08,109.574367,111.532516,0.017471,3,GOOGL,brk_all
2021-07-23,2021-07-26,2021-07-28,132.156646,134.897827,0.020342,3,GOOGL,brk_all
2021-07-28,2021-07-29,2021-08-02,134.953330,133.669266,-0.009915,3,GOOGL,brk_all
2021-10-14,2021-10-15,2021-10-19,140.369812,141.978043,0.011057,3,GOOGL,brk_all
2021-10-27,2021-10-28,2021-11-01,145.841301,142.235764,-0.025122,3,GOOGL,brk_all
2022-01-28,2022-01-31,2022-02-02,132.982811,146.699188,0.102744,3,GOOGL,brk_all
2022-02-02,2022-02-03,2022-02-07,144.424857,137.977509,-0.045042,3,GOOGL,brk_all
2022-02-24,2022-02-25,2022-03-01,132.378185,132.883179,0.003415,3,GOOGL,brk_all
2022-03-09,2022-03-10,2022-03-14,130.112277,124.843979,-0.040890,3,GOOGL,brk_all
2022-06-24,2022-06-27,2022-06-29,117.233456,110.719719,-0.055962,3,GOOGL,brk_all
2022-07-27,2022-07-28,2022-08-01,111.382349,113.850456,0.021759,3,GOOGL,brk_all
2022-11-10,2022-11-11,2022-11-15,93.857739,97.574776,0.039203,3,GOOGL,brk_all
2022-11-30,2022-12-01,2022-12-05,100.132099,98.605637,-0.015644,3,GOOGL,brk_all
2023-01-20,2023-01-23,2023-01-25,97.089079,94.383087,-0.028271,3,GOOGL,brk_all
2023-02-02,2023-02-03,2023-02-07,102.025316,106.693924,0.045359,3,GOOGL,brk_all
2023-05-10,2023-05-11,2023-05-15,114.385718,115.485962,0.009219,3,GOOGL,brk_all
2023-07-13,2023-07-14,2023-07-18,123.703104,122.672234,-0.008733,3,GOOGL,brk_all
2023-07-26,2023-07-27,2023-07-31,130.512717,131.553482,0.007574,3,GOOGL,brk_all
2023-12-07,2023-12-08,2023-12-12,133.020478,131.355255,-0.012919,3,GOOGL,brk_all
2024-03-18,2024-03-19,2024-03-21,146.857790,146.302704,-0.004180,3,GOOGL,brk_all
2024-04-26,2024-04-29,2024-05-01,167.574094,162.419785,-0.031158,3,GOOGL,brk_all
2024-10-30,2024-10-31,2024-11-04,172.033255,168.167908,-0.022869,3,GOOGL,brk_all
2024-11-06,2024-11-07,2024-11-11,176.286142,179.207535,0.016172,3,GOOGL,brk_all
2024-12-10,2024-12-11,2024-12-13,184.347106,188.833710,0.023938,3,GOOGL,brk_all
2024-12-16,2024-12-17,2024-12-19,196.225095,187.530472,-0.044709,3,GOOGL,brk_all
2025-04-09,2025-04-10,2025-04-14,155.905953,158.425705,0.015762,3,GOOGL,brk_all
2025-08-22,2025-08-25,2025-08-27,205.842774,206.889786,0.004686,3,GOOGL,brk_all
2025-09-03,2025-09-04,2025-09-08,228.996705,233.582962,0.019628,3,GOOGL,brk_all
2025-09-15,2025-09-16,2025-09-18,251.587742,251.537842,-0.000598,3,GOOGL,brk_all
2025-10-27,2025-10-28,2025-10-30,269.163359,280.930359,0.043317,3,GOOGL,brk_all
2025-11-10,2025-11-11,2025-11-13,287.188074,278.026001,-0.032303,3,GOOGL,brk_all
2025-11-24,2025-11-25,2025-11-28,325.572960,319.554749,-0.018885,3,GOOGL,brk_all
2026-02-20,2026-02-23,2026-02-25,318.635222,312.493225,-0.019676,3,GOOGL,brk_all
2026-03-31,2026-04-01,2026-04-06,290.666385,299.810913,0.031061,3,GOOGL,brk_all
2026-04-08,2026-04-09,2026-04-13,315.721419,321.118195,0.016693,3,GOOGL,brk_all
2026-04-14,2026-04-15,2026-04-17,332.691307,341.476044,0.026005,3,GOOGL,brk_all
2026-04-30,2026-05-01,2026-05-05,381.402204,388.198120,0.017418,3,GOOGL,brk_all
2026-06-29,2026-06-30,2026-07-02,353.869995,359.910004,0.016668,3,GOOGL,brk_all
2021-04-29,2021-04-30,2021-05-04,323.300953,315.588623,-0.024255,3,META,brk_all
2021-06-28,2021-06-29,2021-07-01,353.168629,351.305054,-0.005677,3,META,brk_all
2021-07-23,2021-07-26,2021-07-28,366.362748,370.030609,0.009612,3,META,brk_all
2021-11-12,2021-11-15,2021-11-17,341.342484,337.803558,-0.010768,3,META,brk_all
2022-04-28,2022-04-29,2022-05-03,202.680140,210.184250,0.036624,3,META,brk_all
2022-10-25,2022-10-26,2022-10-28,130.533705,98.336449,-0.247059,3,META,brk_all
2022-11-10,2022-11-11,2022-11-15,108.279147,116.060806,0.071467,3,META,brk_all
2023-02-02,2023-02-03,2023-02-07,181.872875,189.951920,0.044021,3,META,brk_all
2023-04-27,2023-04-28,2023-05-02,236.929373,237.157410,0.000562,3,META,brk_all
2023-07-27,2023-07-28,2023-08-01,314.121466,319.900726,0.017998,3,META,brk_all
2024-01-10,2024-01-11,2024-01-16,368.890542,364.261200,-0.012949,3,META,brk_all
2024-02-02,2024-02-05,2024-02-07,465.789625,465.502167,-0.001017,3,META,brk_all
2024-07-05,2024-07-08,2024-07-10,538.733612,531.124634,-0.014524,3,META,brk_all
2024-08-01,2024-08-02,2024-08-06,485.739291,490.795380,0.010009,3,META,brk_all
2024-11-07,2024-11-08,2024-11-12,588.156117,581.474548,-0.011760,3,META,brk_all
2024-12-02,2024-12-03,2024-12-05,591.596311,605.446655,0.023012,3,META,brk_all
2025-01-06,2025-01-07,2025-01-10,628.593026,612.830872,-0.025475,3,META,brk_all
2025-01-15,2025-01-16,2025-01-21,608.492363,613.427979,0.007711,3,META,brk_all
2025-04-09,2025-04-10,2025-04-14,573.168976,529.336487,-0.076874,3,META,brk_all
2025-05-12,2025-05-13,2025-05-15,642.936412,641.283081,-0.002972,3,META,brk_all
2025-07-31,2025-08-01,2025-08-05,758.244826,760.966003,0.003189,3,META,brk_all
2026-01-22,2026-01-23,2026-01-27,643.621956,671.771667,0.043336,3,META,brk_all
2026-01-29,2026-01-30,2026-02-03,726.204595,690.468323,-0.049610,3,META,brk_all
2026-03-31,2026-04-01,2026-04-06,579.592856,572.489441,-0.012656,3,META,brk_all
2026-04-08,2026-04-09,2026-04-13,626.389437,633.942505,0.011658,3,META,brk_all
2026-07-01,2026-07-02,2026-07-07,607.900024,615.580017,0.012234,3,META,brk_all
2021-08-19,2021-08-20,2021-08-24,288.191024,290.979370,0.009275,3,MSFT,brk_all
2021-10-01,2021-10-04,2021-10-06,276.344806,281.835205,0.019468,3,MSFT,brk_all
2021-10-27,2021-10-28,2021-11-01,311.854316,316.700409,0.015140,3,MSFT,brk_all
2021-12-07,2021-12-08,2021-12-10,323.001802,329.966431,0.021162,3,MSFT,brk_all
2021-12-10,2021-12-13,2021-12-15,328.174664,322.366028,-0.018100,3,MSFT,brk_all
2022-02-24,2022-02-25,2022-03-01,284.894209,284.710815,-0.001044,3,MSFT,brk_all
2022-03-09,2022-03-10,2022-03-14,273.194961,266.843384,-0.023649,3,MSFT,brk_all
2022-04-27,2022-04-28,2022-05-02,275.289663,274.594635,-0.002925,3,MSFT,brk_all
2022-07-27,2022-07-28,2022-08-01,260.992048,268.983917,0.030221,3,MSFT,brk_all
2022-11-10,2022-11-11,2022-11-15,235.599941,234.610916,-0.004598,3,MSFT,brk_all
2022-11-30,2022-12-01,2022-12-05,246.842690,243.274277,-0.014856,3,MSFT,brk_all
2023-02-02,2023-02-03,2023-02-07,252.355762,260.153778,0.030501,3,MSFT,brk_all
2023-03-16,2023-03-17,2023-03-21,271.235225,266.868317,-0.016500,3,MSFT,brk_all
2023-04-26,2023-04-27,2023-05-01,288.498148,297.846039,0.032002,3,MSFT,brk_all
2023-05-25,2023-05-26,2023-05-31,316.530435,320.799500,0.013087,3,MSFT,brk_all
2023-07-18,2023-07-19,2023-07-21,353.388368,335.823883,-0.050103,3,MSFT,brk_all
2023-10-25,2023-10-26,2023-10-30,333.372957,330.210907,-0.009885,3,MSFT,brk_all
2024-02-22,2024-02-23,2024-02-27,408.501711,400.452911,-0.020103,3,MSFT,brk_all
2024-03-12,2024-03-13,2024-03-15,410.889793,409.238800,-0.004418,3,MSFT,brk_all
2025-01-22,2025-01-23,2025-01-27,436.818067,429.465271,-0.017233,3,MSFT,brk_all
2025-03-05,2025-03-06,2025-03-10,390.438819,376.456390,-0.036212,3,MSFT,brk_all
2025-04-09,2025-04-10,2025-04-14,378.337901,384.031860,0.014650,3,MSFT,brk_all
2025-05-01,2025-05-02,2025-05-06,427.533908,429.088593,0.003236,3,MSFT,brk_all
2025-07-31,2025-08-01,2025-08-05,530.760506,523.567993,-0.013951,3,MSFT,brk_all
2025-10-06,2025-10-07,2025-10-09,524.965185,519.112366,-0.011549,3,MSFT,brk_all
2025-10-28,2025-10-29,2025-10-31,541.510465,514.551208,-0.050185,3,MSFT,brk_all
2026-01-23,2026-01-26,2026-01-28,463.247041,479.494690,0.034673,3,MSFT,brk_all
2026-04-15,2026-04-16,2026-04-20,418.952586,417.166473,-0.004663,3,MSFT,brk_all
2026-05-28,2026-05-29,2026-06-02,432.549988,441.309998,0.019852,3,MSFT,brk_all
2026-06-26,2026-06-29,2026-07-01,377.500000,384.279999,0.017560,3,MSFT,brk_all
2021-08-19,2021-08-20,2021-08-24,54.508999,55.341000,0.014864,3,NFLX,brk_all
2021-09-07,2021-09-08,2021-09-10,60.383999,59.872002,-0.008879,3,NFLX,brk_all
2021-09-22,2021-09-23,2021-09-27,59.078999,59.264000,0.002731,3,NFLX,brk_all
2021-09-29,2021-09-30,2021-10-04,60.805000,60.334999,-0.008130,3,NFLX,brk_all
2021-10-05,2021-10-06,2021-10-08,62.818001,63.265999,0.006732,3,NFLX,brk_all
2021-10-21,2021-10-22,2021-10-26,65.181000,66.851997,0.025236,3,NFLX,brk_all
2021-11-12,2021-11-15,2021-11-17,68.124001,69.168999,0.014940,3,NFLX,brk_all
2022-01-27,2022-01-28,2022-02-01,38.675999,45.713001,0.181548,3,NFLX,brk_all
2022-09-28,2022-09-29,2022-10-03,24.160999,23.903999,-0.011037,3,NFLX,brk_all
2022-10-17,2022-10-18,2022-10-20,24.980000,26.816000,0.073099,3,NFLX,brk_all
2022-10-21,2022-10-24,2022-10-26,29.023001,29.862000,0.028508,3,NFLX,brk_all
2022-11-10,2022-11-11,2022-11-15,27.447001,31.020000,0.129778,3,NFLX,brk_all
2022-11-30,2022-12-01,2022-12-05,30.399000,31.259001,0.027890,3,NFLX,brk_all
2023-01-20,2023-01-23,2023-01-25,34.172001,36.796001,0.076388,3,NFLX,brk_all
2023-03-23,2023-03-24,2023-03-28,32.063000,32.352001,0.008614,3,NFLX,brk_all
2023-05-18,2023-05-19,2023-05-23,36.986000,35.598999,-0.037901,3,NFLX,brk_all
2023-05-26,2023-05-30,2023-06-01,39.748001,40.313000,0.013815,3,NFLX,brk_all
2023-07-18,2023-07-19,2023-07-21,47.686001,42.750000,-0.103910,3,NFLX,brk_all
2023-10-19,2023-10-20,2023-10-24,40.563000,41.373001,0.019569,3,NFLX,brk_all
2024-01-24,2024-01-25,2024-01-29,55.195000,57.578999,0.042792,3,NFLX,brk_all
2024-02-14,2024-02-15,2024-02-20,58.191002,57.513000,-0.012051,3,NFLX,brk_all
2024-04-23,2024-04-24,2024-04-26,57.431000,56.123001,-0.023175,3,NFLX,brk_all
2024-08-08,2024-08-09,2024-08-13,62.299000,64.802002,0.039777,3,NFLX,brk_all
2024-10-18,2024-10-21,2024-10-23,76.575996,74.929001,-0.021908,3,NFLX,brk_all
2025-01-22,2025-01-23,2025-01-27,95.780998,97.189003,0.014300,3,NFLX,brk_all
2025-04-09,2025-04-10,2025-04-14,93.194000,93.127998,-0.001108,3,NFLX,brk_all
2025-04-22,2025-04-23,2025-04-25,104.722000,110.153000,0.051461,3,NFLX,brk_all
2025-10-20,2025-10-21,2025-10-23,124.282997,111.359001,-0.104388,3,NFLX,brk_all
2026-02-25,2026-02-26,2026-03-02,83.199997,97.089996,0.166547,3,NFLX,brk_all
2026-07-02,2026-07-06,2026-07-08,77.080002,75.589996,-0.019731,3,NFLX,brk_all
2021-06-17,2021-06-18,2021-06-22,18.741072,18.843580,0.005070,3,NVDA,brk_all
2021-06-28,2021-06-29,2021-07-01,19.837061,20.165806,0.016172,3,NVDA,brk_all
2021-08-20,2021-08-23,2021-08-25,20.923074,22.162230,0.058824,3,NVDA,brk_all
2021-10-26,2021-10-27,2021-10-29,24.422370,25.513067,0.044260,3,NVDA,brk_all
2021-11-04,2021-11-05,2021-11-09,30.123319,30.592325,0.015170,3,NVDA,brk_all
2021-11-18,2021-11-19,2021-11-23,32.174989,31.679029,-0.015814,3,NVDA,brk_all
2021-11-29,2021-11-30,2021-12-02,33.099031,32.062153,-0.031727,3,NVDA,brk_all
2021-12-07,2021-12-08,2021-12-10,31.935405,30.137981,-0.056683,3,NVDA,brk_all
2021-12-15,2021-12-16,2021-12-20,31.090090,27.663916,-0.110601,3,NVDA,brk_all
2022-02-15,2022-02-16,2022-02-18,26.206813,23.595016,-0.100061,3,NVDA,brk_all
2022-03-15,2022-03-16,2022-03-18,23.457298,26.404922,0.125259,3,NVDA,brk_all
2022-03-24,2022-03-25,2022-03-29,27.835318,28.603922,0.027213,3,NVDA,brk_all
2022-05-13,2022-05-16,2022-05-18,17.477180,16.907221,-0.033012,3,NVDA,brk_all
2022-11-10,2022-11-11,2022-11-15,15.786300,16.644175,0.053943,3,NVDA,brk_all
2022-11-30,2022-12-01,2022-12-05,16.981081,16.592491,-0.023284,3,NVDA,brk_all
2023-02-23,2023-02-24,2023-02-28,23.200519,23.191528,-0.000788,3,NVDA,brk_all
2023-05-25,2023-05-26,2023-05-31,37.856490,37.800541,-0.001878,3,NVDA,brk_all
2023-08-21,2023-08-22,2023-08-24,48.097396,47.126160,-0.020593,3,NVDA,brk_all
2024-01-08,2024-01-09,2024-01-11,52.368989,54.788509,0.045801,3,NVDA,brk_all
2024-01-19,2024-01-22,2024-01-24,60.012317,61.324509,0.021465,3,NVDA,brk_all
2024-02-02,2024-02-05,2024-02-07,68.183324,70.056168,0.027068,3,NVDA,brk_all
2024-02-22,2024-02-23,2024-02-27,80.740639,78.652924,-0.026257,3,NVDA,brk_all
2024-03-12,2024-03-13,2024-03-15,91.003652,87.787453,-0.035741,3,NVDA,brk_all
2024-05-23,2024-05-24,2024-05-29,104.390086,114.760231,0.098940,3,NVDA,brk_all
2024-06-25,2024-06-26,2024-06-28,126.069222,123.480469,-0.020934,3,NVDA,brk_all
2024-07-31,2024-08-01,2024-08-05,117.473362,100.401588,-0.145725,3,NVDA,brk_all
2025-01-28,2025-01-29,2025-01-31,126.458563,120.030670,-0.051230,3,NVDA,brk_all
2025-04-09,2025-04-10,2025-04-14,109.344234,110.683914,0.011852,3,NVDA,brk_all
2025-09-10,2025-09-11,2025-09-15,179.660278,177.730484,-0.011141,3,NVDA,brk_all
2025-09-22,2025-09-23,2025-09-25,181.950020,177.670502,-0.023920,3,NVDA,brk_all
2025-10-28,2025-10-29,2025-10-31,207.957172,202.467773,-0.026797,3,NVDA,brk_all
2025-11-10,2025-11-11,2025-11-13,195.138574,186.839478,-0.042929,3,NVDA,brk_all
2026-02-06,2026-02-09,2026-02-11,184.250023,190.039719,0.031023,3,NVDA,brk_all
2026-03-31,2026-04-01,2026-04-06,176.000000,177.639999,0.008918,3,NVDA,brk_all
2026-05-06,2026-05-07,2026-05-11,208.339996,219.440002,0.052878,3,NVDA,brk_all
2026-06-01,2026-06-02,2026-06-04,227.179993,218.660004,-0.037903,3,NVDA,brk_all
2021-07-02,2021-07-06,2021-07-08,76.265193,79.994347,0.048497,3,ORCL,brk_all
2021-10-01,2021-10-04,2021-10-06,83.938531,85.683311,0.020386,3,ORCL,brk_all
2021-12-10,2021-12-13,2021-12-15,96.430185,97.569199,0.011412,3,ORCL,brk_all
2022-03-15,2022-03-16,2022-03-18,76.531239,77.173744,0.007995,3,ORCL,brk_all
2022-06-14,2022-06-15,2022-06-17,66.823707,64.234215,-0.039151,3,ORCL,brk_all
2022-10-03,2022-10-04,2022-10-06,60.786651,62.215786,0.023111,3,ORCL,brk_all
2022-10-17,2022-10-18,2022-10-20,65.121313,66.318398,0.017982,3,ORCL,brk_all
2022-10-20,2022-10-21,2022-10-25,68.023036,70.043716,0.029306,3,ORCL,brk_all
2023-03-31,2023-04-03,2023-04-05,88.800958,91.213699,0.026770,3,ORCL,brk_all
2023-05-18,2023-05-19,2023-05-23,98.835287,95.118965,-0.038001,3,ORCL,brk_all
2023-05-25,2023-05-26,2023-05-31,100.727244,102.262047,0.014837,3,ORCL,brk_all
2023-06-12,2023-06-13,2023-06-15,119.038657,122.156517,0.025792,3,ORCL,brk_all
2023-06-15,2023-06-16,2023-06-21,122.726030,117.861015,-0.040041,3,ORCL,brk_all
2024-03-12,2024-03-13,2024-03-15,124.925703,122.524780,-0.019619,3,ORCL,brk_all
2024-06-12,2024-06-13,2024-06-17,137.499448,138.361099,0.005867,3,ORCL,brk_all
2024-09-10,2024-09-11,2024-09-13,153.941690,159.096634,0.033086,3,ORCL,brk_all
2024-09-16,2024-09-17,2024-09-19,167.197298,164.555984,-0.016198,3,ORCL,brk_all
2024-11-06,2024-11-07,2024-11-11,178.201567,186.123596,0.044055,3,ORCL,brk_all
2025-01-21,2025-01-22,2025-01-24,188.928989,181.125610,-0.041703,3,ORCL,brk_all
2025-04-09,2025-04-10,2025-04-14,135.292630,133.302597,-0.015109,3,ORCL,brk_all
2025-06-12,2025-06-13,2025-06-17,199.577659,206.112091,0.032341,3,ORCL,brk_all
2025-09-10,2025-09-11,2025-09-15,327.753621,299.774445,-0.085766,3,ORCL,brk_all
2025-12-19,2025-12-22,2025-12-24,195.617896,196.283798,0.003004,3,ORCL,brk_all
2026-02-09,2026-02-10,2026-02-12,159.443129,155.935379,-0.022400,3,ORCL,brk_all
2026-03-11,2026-03-12,2026-03-16,164.086922,155.427155,-0.053175,3,ORCL,brk_all
2026-04-13,2026-04-14,2026-04-16,167.929993,178.339996,0.061590,3,ORCL,brk_all
2026-05-29,2026-06-01,2026-06-03,230.500000,230.330002,-0.001138,3,ORCL,brk_all
2021-10-25,2021-10-26,2021-10-28,341.563324,359.013336,0.050689,3,TSLA,brk_all
2021-11-01,2021-11-02,2021-11-04,386.453339,409.970001,0.060453,3,TSLA,brk_all
2021-12-22,2021-12-23,2021-12-28,335.600006,362.823334,0.080718,3,TSLA,brk_all
2022-01-03,2022-01-04,2022-01-06,396.516663,354.899994,-0.105356,3,TSLA,brk_all
2022-01-31,2022-02-01,2022-02-03,311.736664,297.046661,-0.047523,3,TSLA,brk_all
2022-06-21,2022-06-22,2022-06-24,234.503326,245.706665,0.047375,3,TSLA,brk_all
2022-07-21,2022-07-22,2022-07-26,276.220001,258.859985,-0.063249,3,TSLA,brk_all
2022-10-17,2022-10-18,2022-10-20,229.500000,207.279999,-0.097219,3,TSLA,brk_all
2022-11-10,2022-11-11,2022-11-15,186.000000,194.419998,0.044869,3,TSLA,brk_all
2022-11-23,2022-11-25,2022-11-29,185.059998,180.830002,-0.023257,3,TSLA,brk_all
2022-11-30,2022-12-01,2022-12-05,197.080002,182.449997,-0.074634,3,TSLA,brk_all
2023-01-26,2023-01-27,2023-01-31,162.429993,173.220001,0.066029,3,TSLA,brk_all
2023-07-03,2023-07-05,2023-07-07,278.820007,274.429993,-0.016145,3,TSLA,brk_all
2023-08-21,2023-08-22,2023-08-24,240.250000,230.039993,-0.042897,3,TSLA,brk_all
2023-08-29,2023-08-30,2023-09-01,254.199997,245.009995,-0.036553,3,TSLA,brk_all
2023-09-11,2023-09-12,2023-09-14,270.760010,276.040009,0.019101,3,TSLA,brk_all
2024-02-15,2024-02-16,2024-02-21,202.059998,194.770004,-0.036478,3,TSLA,brk_all
2024-03-18,2024-03-19,2024-03-21,172.360001,172.820007,0.002269,3,TSLA,brk_all
2024-04-24,2024-04-25,2024-04-29,158.960007,194.050003,0.220347,3,TSLA,brk_all
2024-04-29,2024-04-30,2024-05-02,186.979996,180.009995,-0.037677,3,TSLA,brk_all
2024-07-02,2024-07-03,2024-07-08,234.559998,252.940002,0.077960,3,TSLA,brk_all
2024-10-24,2024-10-25,2024-10-29,256.010010,259.519989,0.013310,3,TSLA,brk_all
2024-11-06,2024-11-07,2024-11-11,288.890015,350.000000,0.211134,3,TSLA,brk_all
2025-03-24,2025-03-25,2025-03-27,283.600006,273.130005,-0.037318,3,TSLA,brk_all
2025-04-09,2025-04-10,2025-04-14,260.000000,252.350006,-0.029823,3,TSLA,brk_all
2025-09-11,2025-09-12,2025-09-16,370.940002,421.619995,0.136226,3,TSLA,brk_all
2025-11-24,2025-11-25,2025-11-28,414.420013,430.170013,0.037605,3,TSLA,brk_all
2026-03-31,2026-04-01,2026-04-06,378.630005,352.820007,-0.068567,3,TSLA,brk_all
2026-04-15,2026-04-16,2026-04-20,393.809998,392.500000,-0.003726,3,TSLA,brk_all
2026-06-29,2026-06-30,2026-07-02,406.000000,393.450012,-0.031311,3,TSLA,brk_all
2026-07-06,2026-07-07,2026-07-09,416.959991,406.549988,-0.025366,3,TSLA,brk_all
2021-11-18,2021-11-19,2021-11-23,154.124469,157.800385,0.023450,3,AAPL,brk_vv
2021-11-30,2021-12-01,2021-12-03,163.734639,158.220795,-0.034075,3,AAPL,brk_vv
2022-01-28,2022-01-31,2022-02-02,166.354735,171.907700,0.032980,3,AAPL,brk_vv
2022-04-28,2022-04-29,2022-05-03,158.422336,156.112213,-0.014982,3,AAPL,brk_vv
2022-10-28,2022-10-31,2022-11-02,150.354509,142.373413,-0.053482,3,AAPL,brk_vv
2023-05-05,2023-05-08,2023-05-10,169.860432,170.924011,0.005861,3,AAPL,brk_vv
2024-01-18,2024-01-19,2024-01-23,187.210888,192.995392,0.030498,3,AAPL,brk_vv
2024-05-03,2024-05-06,2024-05-08,180.539100,180.925232,0.001739,3,AAPL,brk_vv
2024-06-11,2024-06-12,2024-06-14,205.589113,210.665115,0.024290,3,AAPL,brk_vv
2025-01-27,2025-01-28,2025-01-30,229.384460,236.081650,0.028796,3,AAPL,brk_vv
2025-04-09,2025-04-10,2025-04-14,188.076264,201.455566,0.070738,3,AAPL,brk_vv
2025-08-06,2025-08-07,2025-08-11,218.015088,226.539093,0.038698,3,AAPL,brk_vv
2025-09-19,2025-09-22,2025-09-24,247.599524,251.598206,0.015750,3,AAPL,brk_vv
2025-10-20,2025-10-21,2025-10-23,261.141213,258.847717,-0.009183,3,AAPL,brk_vv
2026-02-04,2026-02-05,2026-02-09,277.614230,274.367218,-0.012096,3,AAPL,brk_vv
2026-05-01,2026-05-04,2026-05-06,279.402577,287.245361,0.027670,3,AAPL,brk_vv
2021-07-06,2021-07-07,2021-07-09,185.869003,185.966995,0.000127,3,AMZN,brk_vv
2021-10-15,2021-10-18,2021-10-20,169.417999,170.753006,0.007480,3,AMZN,brk_vv
2021-11-04,2021-11-05,2021-11-09,173.850006,178.811493,0.028139,3,AMZN,brk_vv
2021-11-18,2021-11-19,2021-11-23,185.634506,179.001999,-0.036129,3,AMZN,brk_vv
2022-02-04,2022-02-07,2022-02-09,158.520004,161.189499,0.016440,3,AMZN,brk_vv
2022-07-29,2022-08-01,2022-08-03,134.960007,139.520004,0.033388,3,AMZN,brk_vv
2022-11-10,2022-11-11,2022-11-15,97.879997,98.940002,0.010430,3,AMZN,brk_vv
2023-02-02,2023-02-03,2023-02-07,105.260002,102.110001,-0.030326,3,AMZN,brk_vv
2023-08-04,2023-08-07,2023-08-09,140.990005,137.850006,-0.022671,3,AMZN,brk_vv
2023-10-27,2023-10-30,2023-11-01,129.720001,137.000000,0.055721,3,AMZN,brk_vv
2024-02-01,2024-02-02,2024-02-06,169.190002,169.149994,-0.000636,3,AMZN,brk_vv
2024-06-26,2024-06-27,2024-07-01,195.009995,197.199997,0.010830,3,AMZN,brk_vv
2024-11-01,2024-11-04,2024-11-06,196.449997,207.089996,0.053761,3,AMZN,brk_vv
2024-11-06,2024-11-07,2024-11-11,207.440002,206.839996,-0.003292,3,AMZN,brk_vv
2025-04-09,2025-04-10,2025-04-14,185.440002,182.119995,-0.018303,3,AMZN,brk_vv
2025-05-12,2025-05-13,2025-05-15,211.080002,205.169998,-0.028399,3,AMZN,brk_vv
2025-09-04,2025-09-05,2025-09-09,235.190002,238.240005,0.012568,3,AMZN,brk_vv
2025-10-31,2025-11-03,2025-11-05,255.360001,250.199997,-0.020607,3,AMZN,brk_vv
2026-04-09,2026-04-10,2026-04-14,235.300003,249.020004,0.057909,3,AMZN,brk_vv
2021-07-23,2021-07-26,2021-07-28,132.156646,134.897827,0.020342,3,GOOGL,brk_vv
2021-07-28,2021-07-29,2021-08-02,134.953330,133.669266,-0.009915,3,GOOGL,brk_vv
2021-10-27,2021-10-28,2021-11-01,145.841301,142.235764,-0.025122,3,GOOGL,brk_vv
2022-02-02,2022-02-03,2022-02-07,144.424857,137.977509,-0.045042,3,GOOGL,brk_vv
2022-07-27,2022-07-28,2022-08-01,111.382349,113.850456,0.021759,3,GOOGL,brk_vv
2023-01-20,2023-01-23,2023-01-25,97.089079,94.383087,-0.028271,3,GOOGL,brk_vv
2023-02-02,2023-02-03,2023-02-07,102.025316,106.693924,0.045359,3,GOOGL,brk_vv
2023-05-10,2023-05-11,2023-05-15,114.385718,115.485962,0.009219,3,GOOGL,brk_vv
2023-07-13,2023-07-14,2023-07-18,123.703104,122.672234,-0.008733,3,GOOGL,brk_vv
2023-07-26,2023-07-27,2023-07-31,130.512717,131.553482,0.007574,3,GOOGL,brk_vv
2023-12-07,2023-12-08,2023-12-12,133.020478,131.355255,-0.012919,3,GOOGL,brk_vv
2024-03-18,2024-03-19,2024-03-21,146.857790,146.302704,-0.004180,3,GOOGL,brk_vv
2024-04-26,2024-04-29,2024-05-01,167.574094,162.419785,-0.031158,3,GOOGL,brk_vv
2024-10-30,2024-10-31,2024-11-04,172.033255,168.167908,-0.022869,3,GOOGL,brk_vv
2024-12-10,2024-12-11,2024-12-13,184.347106,188.833710,0.023938,3,GOOGL,brk_vv
2025-04-09,2025-04-10,2025-04-14,155.905953,158.425705,0.015762,3,GOOGL,brk_vv
2025-09-03,2025-09-04,2025-09-08,228.996705,233.582962,0.019628,3,GOOGL,brk_vv
2025-09-15,2025-09-16,2025-09-18,251.587742,251.537842,-0.000598,3,GOOGL,brk_vv
2025-11-24,2025-11-25,2025-11-28,325.572960,319.554749,-0.018885,3,GOOGL,brk_vv
2026-04-30,2026-05-01,2026-05-05,381.402204,388.198120,0.017418,3,GOOGL,brk_vv
2021-04-29,2021-04-30,2021-05-04,323.300953,315.588623,-0.024255,3,META,brk_vv
2021-06-28,2021-06-29,2021-07-01,353.168629,351.305054,-0.005677,3,META,brk_vv
2021-07-23,2021-07-26,2021-07-28,366.362748,370.030609,0.009612,3,META,brk_vv
2022-04-28,2022-04-29,2022-05-03,202.680140,210.184250,0.036624,3,META,brk_vv
2023-02-02,2023-02-03,2023-02-07,181.872875,189.951920,0.044021,3,META,brk_vv
2023-04-27,2023-04-28,2023-05-02,236.929373,237.157410,0.000562,3,META,brk_vv
2023-07-27,2023-07-28,2023-08-01,314.121466,319.900726,0.017998,3,META,brk_vv
2024-02-02,2024-02-05,2024-02-07,465.789625,465.502167,-0.001017,3,META,brk_vv
2024-07-05,2024-07-08,2024-07-10,538.733612,531.124634,-0.014524,3,META,brk_vv
2024-08-01,2024-08-02,2024-08-06,485.739291,490.795380,0.010009,3,META,brk_vv
2025-04-09,2025-04-10,2025-04-14,573.168976,529.336487,-0.076874,3,META,brk_vv
2025-07-31,2025-08-01,2025-08-05,758.244826,760.966003,0.003189,3,META,brk_vv
2026-01-22,2026-01-23,2026-01-27,643.621956,671.771667,0.043336,3,META,brk_vv
2026-01-29,2026-01-30,2026-02-03,726.204595,690.468323,-0.049610,3,META,brk_vv
2026-03-31,2026-04-01,2026-04-06,579.592856,572.489441,-0.012656,3,META,brk_vv
2026-04-08,2026-04-09,2026-04-13,626.389437,633.942505,0.011658,3,META,brk_vv
2026-07-01,2026-07-02,2026-07-07,607.900024,615.580017,0.012234,3,META,brk_vv
2021-08-20,2021-08-23,2021-08-25,291.585224,290.392883,-0.004489,3,MSFT,brk_vv
2021-10-27,2021-10-28,2021-11-01,311.854316,316.700409,0.015140,3,MSFT,brk_vv
2022-04-27,2022-04-28,2022-05-02,275.289663,274.594635,-0.002925,3,MSFT,brk_vv
2022-07-27,2022-07-28,2022-08-01,260.992048,268.983917,0.030221,3,MSFT,brk_vv
2022-11-30,2022-12-01,2022-12-05,246.842690,243.274277,-0.014856,3,MSFT,brk_vv
2023-03-16,2023-03-17,2023-03-21,271.235225,266.868317,-0.016500,3,MSFT,brk_vv
2023-04-26,2023-04-27,2023-05-01,288.498148,297.846039,0.032002,3,MSFT,brk_vv
2023-05-25,2023-05-26,2023-05-31,316.530435,320.799500,0.013087,3,MSFT,brk_vv
2023-07-18,2023-07-19,2023-07-21,353.388368,335.823883,-0.050103,3,MSFT,brk_vv
2023-10-25,2023-10-26,2023-10-30,333.372957,330.210907,-0.009885,3,MSFT,brk_vv
2024-03-14,2024-03-15,2024-03-19,412.059302,414.142731,0.004656,3,MSFT,brk_vv
2025-04-09,2025-04-10,2025-04-14,378.337901,384.031860,0.014650,3,MSFT,brk_vv
2025-05-01,2025-05-02,2025-05-06,427.533908,429.088593,0.003236,3,MSFT,brk_vv
2025-07-31,2025-08-01,2025-08-05,530.760506,523.567993,-0.013951,3,MSFT,brk_vv
2025-10-28,2025-10-29,2025-10-31,541.510465,514.551208,-0.050185,3,MSFT,brk_vv
2026-01-23,2026-01-26,2026-01-28,463.247041,479.494690,0.034673,3,MSFT,brk_vv
2026-05-29,2026-06-01,2026-06-03,464.839996,427.339996,-0.081073,3,MSFT,brk_vv
2026-06-26,2026-06-29,2026-07-01,377.500000,384.279999,0.017560,3,MSFT,brk_vv
2021-08-19,2021-08-20,2021-08-24,54.508999,55.341000,0.014864,3,NFLX,brk_vv
2021-09-07,2021-09-08,2021-09-10,60.383999,59.872002,-0.008879,3,NFLX,brk_vv
2021-09-29,2021-09-30,2021-10-04,60.805000,60.334999,-0.008130,3,NFLX,brk_vv
2021-10-05,2021-10-06,2021-10-08,62.818001,63.265999,0.006732,3,NFLX,brk_vv
2021-10-21,2021-10-22,2021-10-26,65.181000,66.851997,0.025236,3,NFLX,brk_vv
2022-01-27,2022-01-28,2022-02-01,38.675999,45.713001,0.181548,3,NFLX,brk_vv
2022-09-28,2022-09-29,2022-10-03,24.160999,23.903999,-0.011037,3,NFLX,brk_vv
2022-10-17,2022-10-18,2022-10-20,24.980000,26.816000,0.073099,3,NFLX,brk_vv
2022-10-21,2022-10-24,2022-10-26,29.023001,29.862000,0.028508,3,NFLX,brk_vv
2022-11-30,2022-12-01,2022-12-05,30.399000,31.259001,0.027890,3,NFLX,brk_vv
2023-01-20,2023-01-23,2023-01-25,34.172001,36.796001,0.076388,3,NFLX,brk_vv
2023-03-23,2023-03-24,2023-03-28,32.063000,32.352001,0.008614,3,NFLX,brk_vv
2023-05-18,2023-05-19,2023-05-23,36.986000,35.598999,-0.037901,3,NFLX,brk_vv
2023-05-26,2023-05-30,2023-06-01,39.748001,40.313000,0.013815,3,NFLX,brk_vv
2023-07-18,2023-07-19,2023-07-21,47.686001,42.750000,-0.103910,3,NFLX,brk_vv
2023-10-19,2023-10-20,2023-10-24,40.563000,41.373001,0.019569,3,NFLX,brk_vv
2024-01-24,2024-01-25,2024-01-29,55.195000,57.578999,0.042792,3,NFLX,brk_vv
2024-10-18,2024-10-21,2024-10-23,76.575996,74.929001,-0.021908,3,NFLX,brk_vv
2025-01-22,2025-01-23,2025-01-27,95.780998,97.189003,0.014300,3,NFLX,brk_vv
2025-04-22,2025-04-23,2025-04-25,104.722000,110.153000,0.051461,3,NFLX,brk_vv
2026-02-25,2026-02-26,2026-03-02,83.199997,97.089996,0.166547,3,NFLX,brk_vv
2021-06-17,2021-06-18,2021-06-22,18.741072,18.843580,0.005070,3,NVDA,brk_vv
2021-08-20,2021-08-23,2021-08-25,20.923074,22.162230,0.058824,3,NVDA,brk_vv
2021-10-26,2021-10-27,2021-10-29,24.422370,25.513067,0.044260,3,NVDA,brk_vv
2021-11-04,2021-11-05,2021-11-09,30.123319,30.592325,0.015170,3,NVDA,brk_vv
2021-11-18,2021-11-19,2021-11-23,32.174989,31.679029,-0.015814,3,NVDA,brk_vv
2022-03-24,2022-03-25,2022-03-29,27.835318,28.603922,0.027213,3,NVDA,brk_vv
2023-02-23,2023-02-24,2023-02-28,23.200519,23.191528,-0.000788,3,NVDA,brk_vv
2023-05-25,2023-05-26,2023-05-31,37.856490,37.800541,-0.001878,3,NVDA,brk_vv
2023-08-21,2023-08-22,2023-08-24,48.097396,47.126160,-0.020593,3,NVDA,brk_vv
2024-01-08,2024-01-09,2024-01-11,52.368989,54.788509,0.045801,3,NVDA,brk_vv
2024-02-22,2024-02-23,2024-02-27,80.740639,78.652924,-0.026257,3,NVDA,brk_vv
2024-05-23,2024-05-24,2024-05-29,104.390086,114.760231,0.098940,3,NVDA,brk_vv
2024-07-31,2024-08-01,2024-08-05,117.473362,100.401588,-0.145725,3,NVDA,brk_vv
2025-01-28,2025-01-29,2025-01-31,126.458563,120.030670,-0.051230,3,NVDA,brk_vv
2025-04-09,2025-04-10,2025-04-14,109.344234,110.683914,0.011852,3,NVDA,brk_vv
2025-10-28,2025-10-29,2025-10-31,207.957172,202.467773,-0.026797,3,NVDA,brk_vv
2021-07-07,2021-07-08,2021-07-12,79.461612,81.386925,0.023829,3,ORCL,brk_vv
2021-12-10,2021-12-13,2021-12-15,96.430185,97.569199,0.011412,3,ORCL,brk_vv
2022-03-15,2022-03-16,2022-03-18,76.531239,77.173744,0.007995,3,ORCL,brk_vv
2022-06-14,2022-06-15,2022-06-17,66.823707,64.234215,-0.039151,3,ORCL,brk_vv
2022-10-20,2022-10-21,2022-10-25,68.023036,70.043716,0.029306,3,ORCL,brk_vv
2023-05-18,2023-05-19,2023-05-23,98.835287,95.118965,-0.038001,3,ORCL,brk_vv
2023-05-25,2023-05-26,2023-05-31,100.727244,102.262047,0.014837,3,ORCL,brk_vv
2023-06-12,2023-06-13,2023-06-15,119.038657,122.156517,0.025792,3,ORCL,brk_vv
2023-06-15,2023-06-16,2023-06-21,122.726030,117.861015,-0.040041,3,ORCL,brk_vv
2024-03-12,2024-03-13,2024-03-15,124.925703,122.524780,-0.019619,3,ORCL,brk_vv
2024-06-12,2024-06-13,2024-06-17,137.499448,138.361099,0.005867,3,ORCL,brk_vv
2024-09-10,2024-09-11,2024-09-13,153.941690,159.096634,0.033086,3,ORCL,brk_vv
2024-09-16,2024-09-17,2024-09-19,167.197298,164.555984,-0.016198,3,ORCL,brk_vv
2024-11-06,2024-11-07,2024-11-11,178.201567,186.123596,0.044055,3,ORCL,brk_vv
2025-01-21,2025-01-22,2025-01-24,188.928989,181.125610,-0.041703,3,ORCL,brk_vv
2025-06-12,2025-06-13,2025-06-17,199.577659,206.112091,0.032341,3,ORCL,brk_vv
2025-09-10,2025-09-11,2025-09-15,327.753621,299.774445,-0.085766,3,ORCL,brk_vv
2025-12-19,2025-12-22,2025-12-24,195.617896,196.283798,0.003004,3,ORCL,brk_vv
2026-02-09,2026-02-10,2026-02-12,159.443129,155.935379,-0.022400,3,ORCL,brk_vv
2026-03-11,2026-03-12,2026-03-16,164.086922,155.427155,-0.053175,3,ORCL,brk_vv
2026-04-13,2026-04-14,2026-04-16,167.929993,178.339996,0.061590,3,ORCL,brk_vv
2026-05-29,2026-06-01,2026-06-03,230.500000,230.330002,-0.001138,3,ORCL,brk_vv
2021-10-25,2021-10-26,2021-10-28,341.563324,359.013336,0.050689,3,TSLA,brk_vv
2021-11-01,2021-11-02,2021-11-04,386.453339,409.970001,0.060453,3,TSLA,brk_vv
2022-07-21,2022-07-22,2022-07-26,276.220001,258.859985,-0.063249,3,TSLA,brk_vv
2022-11-10,2022-11-11,2022-11-15,186.000000,194.419998,0.044869,3,TSLA,brk_vv
2023-01-27,2023-01-30,2023-02-01,178.050003,181.410004,0.018471,3,TSLA,brk_vv
2023-09-11,2023-09-12,2023-09-14,270.760010,276.040009,0.019101,3,TSLA,brk_vv
2024-04-24,2024-04-25,2024-04-29,158.960007,194.050003,0.220347,3,TSLA,brk_vv
2024-04-29,2024-04-30,2024-05-02,186.979996,180.009995,-0.037677,3,TSLA,brk_vv
2024-07-02,2024-07-03,2024-07-08,234.559998,252.940002,0.077960,3,TSLA,brk_vv
2024-10-24,2024-10-25,2024-10-29,256.010010,259.519989,0.013310,3,TSLA,brk_vv
2024-11-06,2024-11-07,2024-11-11,288.890015,350.000000,0.211134,3,TSLA,brk_vv
2025-04-09,2025-04-10,2025-04-14,260.000000,252.350006,-0.029823,3,TSLA,brk_vv
2025-09-12,2025-09-15,2025-09-17,423.130005,425.859985,0.006052,3,TSLA,brk_vv
2026-04-15,2026-04-16,2026-04-20,393.809998,392.500000,-0.003726,3,TSLA,brk_vv
2021-07-19,2021-07-20,2021-07-22,139.837906,143.093597,0.022882,3,AAPL,combo_vv
2021-08-18,2021-08-19,2021-08-23,141.580055,146.148773,0.031870,3,AAPL,combo_vv
2021-11-18,2021-11-19,2021-11-23,154.124469,157.800385,0.023450,3,AAPL,combo_vv
2021-11-26,2021-11-29,2021-12-01,155.806031,161.085251,0.033483,3,AAPL,combo_vv
2021-12-16,2021-12-17,2021-12-21,166.129873,169.121475,0.017608,3,AAPL,combo_vv
2022-01-28,2022-01-31,2022-02-02,166.354735,171.907700,0.032980,3,AAPL,combo_vv
2022-04-28,2022-04-29,2022-05-03,158.422336,156.112213,-0.014982,3,AAPL,combo_vv
2022-05-05,2022-05-06,2022-05-10,152.939879,151.469360,-0.010015,3,AAPL,combo_vv
2022-05-11,2022-05-12,2022-05-16,139.960391,142.675919,0.019002,3,AAPL,combo_vv
2022-05-18,2022-05-19,2022-05-23,137.127290,140.293732,0.022691,3,AAPL,combo_vv
2022-09-29,2022-09-30,2022-10-04,138.692086,143.423813,0.033717,3,AAPL,combo_vv
2022-10-28,2022-10-31,2022-11-02,150.354509,142.373413,-0.053482,3,AAPL,combo_vv
2023-05-05,2023-05-08,2023-05-10,169.860432,170.924011,0.005861,3,AAPL,combo_vv
2023-08-24,2023-08-25,2023-08-29,175.163896,181.819641,0.037597,3,AAPL,combo_vv
2024-01-18,2024-01-19,2024-01-23,187.210888,192.995392,0.030498,3,AAPL,combo_vv
2024-03-04,2024-03-05,2024-03-07,169.064186,167.321671,-0.010707,3,AAPL,combo_vv
2024-05-03,2024-05-06,2024-05-08,180.539100,180.925232,0.001739,3,AAPL,combo_vv
2024-06-11,2024-06-12,2024-06-14,205.589113,210.665115,0.024290,3,AAPL,combo_vv
2024-10-01,2024-10-02,2024-10-04,224.209259,225.112488,0.003629,3,AAPL,combo_vv
2025-01-02,2025-01-03,2025-01-07,241.815033,240.672348,-0.005125,3,AAPL,combo_vv
2025-01-10,2025-01-13,2025-01-15,232.047439,236.359863,0.018184,3,AAPL,combo_vv
2025-01-16,2025-01-17,2025-01-22,230.646403,222.409012,-0.036114,3,AAPL,combo_vv
2025-01-27,2025-01-28,2025-01-30,229.384460,236.081650,0.028796,3,AAPL,combo_vv
2025-02-03,2025-02-04,2025-02-06,225.807299,231.739395,0.025871,3,AAPL,combo_vv
2025-04-09,2025-04-10,2025-04-14,188.076264,201.455566,0.070738,3,AAPL,combo_vv
2025-08-06,2025-08-07,2025-08-11,218.015088,226.539093,0.038698,3,AAPL,combo_vv
2025-09-19,2025-09-22,2025-09-24,247.599524,251.598206,0.015750,3,AAPL,combo_vv
2025-10-10,2025-10-13,2025-10-15,248.676468,248.636581,-0.000560,3,AAPL,combo_vv
2025-10-20,2025-10-21,2025-10-23,261.141213,258.847717,-0.009183,3,AAPL,combo_vv
2026-02-04,2026-02-05,2026-02-09,277.614230,274.367218,-0.012096,3,AAPL,combo_vv
2026-02-12,2026-02-13,2026-02-18,261.768832,264.106689,0.008531,3,AAPL,combo_vv
2026-02-27,2026-03-02,2026-03-04,262.168447,262.278351,0.000019,3,AAPL,combo_vv
2026-05-01,2026-05-04,2026-05-06,279.402577,287.245361,0.027670,3,AAPL,combo_vv
2026-06-09,2026-06-10,2026-06-12,290.739990,291.130005,0.000941,3,AAPL,combo_vv
2021-05-10,2021-05-11,2021-05-13,156.813995,158.073502,0.007632,3,AMZN,combo_vv
2021-07-06,2021-07-07,2021-07-09,185.869003,185.966995,0.000127,3,AMZN,combo_vv
2021-10-15,2021-10-18,2021-10-20,169.417999,170.753006,0.007480,3,AMZN,combo_vv
2021-11-04,2021-11-05,2021-11-09,173.850006,178.811493,0.028139,3,AMZN,combo_vv
2021-11-18,2021-11-19,2021-11-23,185.634506,179.001999,-0.036129,3,AMZN,combo_vv
2022-02-04,2022-02-07,2022-02-09,158.520004,161.189499,0.016440,3,AMZN,combo_vv
2022-03-07,2022-03-08,2022-03-10,136.683502,146.817505,0.073742,3,AMZN,combo_vv
2022-05-18,2022-05-19,2022-05-23,106.280502,107.556999,0.011611,3,AMZN,combo_vv
2022-07-29,2022-08-01,2022-08-03,134.960007,139.520004,0.033388,3,AMZN,combo_vv
2022-11-10,2022-11-11,2022-11-15,97.879997,98.940002,0.010430,3,AMZN,combo_vv
2023-02-02,2023-02-03,2023-02-07,105.260002,102.110001,-0.030326,3,AMZN,combo_vv
2023-06-07,2023-06-08,2023-06-12,123.010002,126.570000,0.028541,3,AMZN,combo_vv
2023-07-20,2023-07-21,2023-07-25,131.339996,129.130005,-0.017226,3,AMZN,combo_vv
2023-08-04,2023-08-07,2023-08-09,140.990005,137.850006,-0.022671,3,AMZN,combo_vv
2023-09-21,2023-09-22,2023-09-26,131.110001,125.980003,-0.039527,3,AMZN,combo_vv
2023-09-26,2023-09-27,2023-09-29,125.760002,127.120003,0.010414,3,AMZN,combo_vv
2023-10-27,2023-10-30,2023-11-01,129.720001,137.000000,0.055721,3,AMZN,combo_vv
2024-02-01,2024-02-02,2024-02-06,169.190002,169.149994,-0.000636,3,AMZN,combo_vv
2024-06-26,2024-06-27,2024-07-01,195.009995,197.199997,0.010830,3,AMZN,combo_vv
2024-07-24,2024-07-25,2024-07-29,182.910004,183.199997,0.001185,3,AMZN,combo_vv
2024-11-01,2024-11-04,2024-11-06,196.449997,207.089996,0.053761,3,AMZN,combo_vv
2024-11-06,2024-11-07,2024-11-11,207.440002,206.839996,-0.003292,3,AMZN,combo_vv
2024-12-18,2024-12-19,2024-12-23,224.910004,225.059998,0.000267,3,AMZN,combo_vv
2025-03-03,2025-03-04,2025-03-06,200.110001,200.699997,0.002548,3,AMZN,combo_vv
2025-03-06,2025-03-07,2025-03-11,199.490005,196.589996,-0.014937,3,AMZN,combo_vv
2025-03-28,2025-03-31,2025-04-02,188.190002,196.009995,0.041154,3,AMZN,combo_vv
2025-04-09,2025-04-10,2025-04-14,185.440002,182.119995,-0.018303,3,AMZN,combo_vv
2025-05-12,2025-05-13,2025-05-15,211.080002,205.169998,-0.028399,3,AMZN,combo_vv
2025-09-04,2025-09-05,2025-09-09,235.190002,238.240005,0.012568,3,AMZN,combo_vv
2025-10-31,2025-11-03,2025-11-05,255.360001,250.199997,-0.020607,3,AMZN,combo_vv
2025-11-18,2025-11-19,2025-11-21,223.740005,220.690002,-0.014032,3,AMZN,combo_vv
2026-03-27,2026-03-30,2026-04-01,201.479996,210.570007,0.044716,3,AMZN,combo_vv
2026-04-09,2026-04-10,2026-04-14,235.300003,249.020004,0.057909,3,AMZN,combo_vv
2021-07-23,2021-07-26,2021-07-28,132.156646,134.897827,0.020342,3,GOOGL,combo_vv
2021-07-28,2021-07-29,2021-08-02,134.953330,133.669266,-0.009915,3,GOOGL,combo_vv
2021-10-27,2021-10-28,2021-11-01,145.841301,142.235764,-0.025122,3,GOOGL,combo_vv
2021-11-01,2021-11-02,2021-11-04,143.308751,146.964340,0.025108,3,GOOGL,combo_vv
2022-01-25,2022-01-26,2022-01-28,129.966562,132.178925,0.016623,3,GOOGL,combo_vv
2022-02-02,2022-02-03,2022-02-07,144.424857,137.977509,-0.045042,3,GOOGL,combo_vv
2022-03-07,2022-03-08,2022-03-10,125.140361,131.265549,0.048547,3,GOOGL,combo_vv
2022-05-05,2022-05-06,2022-05-10,114.172107,113.389542,-0.007254,3,GOOGL,combo_vv
2022-07-22,2022-07-25,2022-07-27,107.457155,112.066284,0.042493,3,GOOGL,combo_vv
2022-07-27,2022-07-28,2022-08-01,111.382349,113.850456,0.021759,3,GOOGL,combo_vv
2023-01-20,2023-01-23,2023-01-25,97.089079,94.383087,-0.028271,3,GOOGL,combo_vv
2023-02-02,2023-02-03,2023-02-07,102.025316,106.693924,0.045359,3,GOOGL,combo_vv
2023-05-10,2023-05-11,2023-05-15,114.385718,115.485962,0.009219,3,GOOGL,combo_vv
2023-06-07,2023-06-08,2023-06-12,121.155688,122.553291,0.011136,3,GOOGL,combo_vv
2023-07-13,2023-07-14,2023-07-18,123.703104,122.672234,-0.008733,3,GOOGL,combo_vv
2023-07-26,2023-07-27,2023-07-31,130.512717,131.553482,0.007574,3,GOOGL,combo_vv
2023-12-07,2023-12-08,2023-12-12,133.020478,131.355255,-0.012919,3,GOOGL,combo_vv
2024-03-18,2024-03-19,2024-03-21,146.857790,146.302704,-0.004180,3,GOOGL,combo_vv
2024-04-26,2024-04-29,2024-05-01,167.574094,162.419785,-0.031158,3,GOOGL,combo_vv
2024-10-30,2024-10-31,2024-11-04,172.033255,168.167908,-0.022869,3,GOOGL,combo_vv
2024-12-10,2024-12-11,2024-12-13,184.347106,188.833710,0.023938,3,GOOGL,combo_vv
2024-12-18,2024-12-19,2024-12-23,190.634270,193.618683,0.015255,3,GOOGL,combo_vv
2025-03-10,2025-03-11,2025-03-13,164.242066,162.100739,-0.013438,3,GOOGL,combo_vv
2025-03-28,2025-03-31,2025-04-02,152.489870,156.403915,0.025268,3,GOOGL,combo_vv
2025-04-09,2025-04-10,2025-04-14,155.905953,158.425705,0.015762,3,GOOGL,combo_vv
2025-09-03,2025-09-04,2025-09-08,228.996705,233.582962,0.019628,3,GOOGL,combo_vv
2025-09-15,2025-09-16,2025-09-18,251.587742,251.537842,-0.000598,3,GOOGL,combo_vv
2025-11-24,2025-11-25,2025-11-28,325.572960,319.554749,-0.018885,3,GOOGL,combo_vv
2026-03-24,2026-03-25,2026-03-27,293.264829,274.176239,-0.065490,3,GOOGL,combo_vv
2026-04-30,2026-05-01,2026-05-05,381.402204,388.198120,0.017418,3,GOOGL,combo_vv
2021-04-29,2021-04-30,2021-05-04,323.300953,315.588623,-0.024255,3,META,combo_vv
2021-06-28,2021-06-29,2021-07-01,353.168629,351.305054,-0.005677,3,META,combo_vv
2021-07-23,2021-07-26,2021-07-28,366.362748,370.030609,0.009612,3,META,combo_vv
2021-09-28,2021-09-29,2021-10-01,340.162849,340.024109,-0.000808,3,META,combo_vv
2021-11-30,2021-12-01,2021-12-03,327.414809,304.168915,-0.071398,3,META,combo_vv
2022-01-18,2022-01-19,2022-01-21,316.798000,300.530884,-0.051749,3,META,combo_vv
2022-04-28,2022-04-29,2022-05-03,202.680140,210.184250,0.036624,3,META,combo_vv
2023-02-02,2023-02-03,2023-02-07,181.872875,189.951920,0.044021,3,META,combo_vv
2023-04-27,2023-04-28,2023-05-02,236.929373,237.157410,0.000562,3,META,combo_vv
2023-07-27,2023-07-28,2023-08-01,314.121466,319.900726,0.017998,3,META,combo_vv
2024-02-02,2024-02-05,2024-02-07,465.789625,465.502167,-0.001017,3,META,combo_vv
2024-07-05,2024-07-08,2024-07-10,538.733612,531.124634,-0.014524,3,META,combo_vv
2024-07-24,2024-07-25,2024-07-29,460.170984,462.604584,0.004888,3,META,combo_vv
2024-08-01,2024-08-02,2024-08-06,485.739291,490.795380,0.010009,3,META,combo_vv
2024-11-15,2024-11-18,2024-11-20,553.853490,562.284973,0.014823,3,META,combo_vv
2025-03-06,2025-03-07,2025-03-11,622.294151,602.730896,-0.031837,3,META,combo_vv
2025-03-13,2025-03-14,2025-03-18,600.368846,580.011292,-0.034308,3,META,combo_vv
2025-03-28,2025-03-31,2025-04-02,561.227342,581.574951,0.035856,3,META,combo_vv
2025-04-09,2025-04-10,2025-04-14,573.168976,529.336487,-0.076874,3,META,combo_vv
2025-07-31,2025-08-01,2025-08-05,758.244826,760.966003,0.003189,3,META,combo_vv
2026-01-22,2026-01-23,2026-01-27,643.621956,671.771667,0.043336,3,META,combo_vv
2026-01-29,2026-01-30,2026-02-03,726.204595,690.468323,-0.049610,3,META,combo_vv
2026-03-31,2026-04-01,2026-04-06,579.592856,572.489441,-0.012656,3,META,combo_vv
2026-04-08,2026-04-09,2026-04-13,626.389437,633.942505,0.011658,3,META,combo_vv
2026-07-01,2026-07-02,2026-07-07,607.900024,615.580017,0.012234,3,META,combo_vv
2021-05-12,2021-05-13,2021-05-17,231.520051,234.756363,0.013579,3,MSFT,combo_vv
2021-08-20,2021-08-23,2021-08-25,291.585224,290.392883,-0.004489,3,MSFT,combo_vv
2021-10-27,2021-10-28,2021-11-01,311.854316,316.700409,0.015140,3,MSFT,combo_vv
2021-12-16,2021-12-17,2021-12-21,309.101447,315.276245,0.019577,3,MSFT,combo_vv
2022-01-05,2022-01-06,2022-01-10,301.655245,302.734100,0.003176,3,MSFT,combo_vv
2022-02-03,2022-02-04,2022-02-08,289.190190,293.380554,0.014090,3,MSFT,combo_vv
2022-04-27,2022-04-28,2022-05-02,275.289663,274.594635,-0.002925,3,MSFT,combo_vv
2022-06-10,2022-06-13,2022-06-15,237.152052,243.586136,0.026731,3,MSFT,combo_vv
2022-07-27,2022-07-28,2022-08-01,260.992048,268.983917,0.030221,3,MSFT,combo_vv
2022-10-07,2022-10-10,2022-10-12,225.962204,218.884232,-0.031724,3,MSFT,combo_vv
2022-11-30,2022-12-01,2022-12-05,246.842690,243.274277,-0.014856,3,MSFT,combo_vv
2023-03-16,2023-03-17,2023-03-21,271.235225,266.868317,-0.016500,3,MSFT,combo_vv
2023-04-26,2023-04-27,2023-05-01,288.498148,297.846039,0.032002,3,MSFT,combo_vv
2023-05-25,2023-05-26,2023-05-31,316.530435,320.799500,0.013087,3,MSFT,combo_vv
2023-07-18,2023-07-19,2023-07-21,353.388368,335.823883,-0.050103,3,MSFT,combo_vv
2023-10-25,2023-10-26,2023-10-30,333.372957,330.210907,-0.009885,3,MSFT,combo_vv
2024-03-05,2024-03-06,2024-03-08,396.020652,399.214630,0.007665,3,MSFT,combo_vv
2024-03-14,2024-03-15,2024-03-19,412.059302,414.142731,0.004656,3,MSFT,combo_vv
2024-04-30,2024-05-01,2024-05-03,385.839315,399.647095,0.035386,3,MSFT,combo_vv
2024-07-11,2024-07-12,2024-07-16,447.300309,442.564789,-0.010987,3,MSFT,combo_vv
2024-11-15,2024-11-18,2024-11-20,409.187057,409.798553,0.001094,3,MSFT,combo_vv
2024-12-18,2024-12-19,2024-12-23,436.442495,430.147217,-0.014824,3,MSFT,combo_vv
2025-03-10,2025-03-11,2025-03-13,375.307736,375.079926,-0.001007,3,MSFT,combo_vv
2025-04-09,2025-04-10,2025-04-14,378.337901,384.031860,0.014650,3,MSFT,combo_vv
2025-05-01,2025-05-02,2025-05-06,427.533908,429.088593,0.003236,3,MSFT,combo_vv
2025-07-31,2025-08-01,2025-08-05,530.760506,523.567993,-0.013951,3,MSFT,combo_vv
2025-10-10,2025-10-13,2025-10-15,513.160013,510.198792,-0.006171,3,MSFT,combo_vv
2025-10-28,2025-10-29,2025-10-31,541.510465,514.551208,-0.050185,3,MSFT,combo_vv
2025-11-18,2025-11-19,2025-11-21,487.015608,470.026825,-0.035283,3,MSFT,combo_vv
2025-12-03,2025-12-04,2025-12-08,477.632992,488.843048,0.023070,3,MSFT,combo_vv
2025-12-10,2025-12-11,2025-12-15,474.516837,472.714874,-0.004197,3,MSFT,combo_vv
2026-01-23,2026-01-26,2026-01-28,463.247041,479.494690,0.034673,3,MSFT,combo_vv
2026-05-29,2026-06-01,2026-06-03,464.839996,427.339996,-0.081073,3,MSFT,combo_vv
2026-06-26,2026-06-29,2026-07-01,377.500000,384.279999,0.017560,3,MSFT,combo_vv
2021-08-19,2021-08-20,2021-08-24,54.508999,55.341000,0.014864,3,NFLX,combo_vv
2021-09-07,2021-09-08,2021-09-10,60.383999,59.872002,-0.008879,3,NFLX,combo_vv
2021-09-29,2021-09-30,2021-10-04,60.805000,60.334999,-0.008130,3,NFLX,combo_vv
2021-10-05,2021-10-06,2021-10-08,62.818001,63.265999,0.006732,3,NFLX,combo_vv
2021-10-21,2021-10-22,2021-10-26,65.181000,66.851997,0.025236,3,NFLX,combo_vv
2021-11-05,2021-11-08,2021-11-10,65.028999,64.691002,-0.005598,3,NFLX,combo_vv
2021-12-01,2021-12-02,2021-12-06,61.709999,61.269001,-0.007546,3,NFLX,combo_vv
2022-01-27,2022-01-28,2022-02-01,38.675999,45.713001,0.181548,3,NFLX,combo_vv
2022-09-13,2022-09-14,2022-09-16,21.982000,24.013000,0.091994,3,NFLX,combo_vv
2022-09-28,2022-09-29,2022-10-03,24.160999,23.903999,-0.011037,3,NFLX,combo_vv
2022-10-11,2022-10-12,2022-10-14,21.430000,23.000000,0.072862,3,NFLX,combo_vv
2022-10-17,2022-10-18,2022-10-20,24.980000,26.816000,0.073099,3,NFLX,combo_vv
2022-10-21,2022-10-24,2022-10-26,29.023001,29.862000,0.028508,3,NFLX,combo_vv
2022-11-30,2022-12-01,2022-12-05,30.399000,31.259001,0.027890,3,NFLX,combo_vv
2023-01-20,2023-01-23,2023-01-25,34.172001,36.796001,0.076388,3,NFLX,combo_vv
2023-03-23,2023-03-24,2023-03-28,32.063000,32.352001,0.008614,3,NFLX,combo_vv
2023-05-18,2023-05-19,2023-05-23,36.986000,35.598999,-0.037901,3,NFLX,combo_vv
2023-05-26,2023-05-30,2023-06-01,39.748001,40.313000,0.013815,3,NFLX,combo_vv
2023-07-18,2023-07-19,2023-07-21,47.686001,42.750000,-0.103910,3,NFLX,combo_vv
2023-08-24,2023-08-25,2023-08-29,41.200001,42.999001,0.043265,3,NFLX,combo_vv
2023-10-19,2023-10-20,2023-10-24,40.563000,41.373001,0.019569,3,NFLX,combo_vv
2024-01-24,2024-01-25,2024-01-29,55.195000,57.578999,0.042792,3,NFLX,combo_vv
2024-09-03,2024-09-04,2024-09-06,67.331001,66.577003,-0.011598,3,NFLX,combo_vv
2024-10-18,2024-10-21,2024-10-23,76.575996,74.929001,-0.021908,3,NFLX,combo_vv
2025-01-22,2025-01-23,2025-01-27,95.780998,97.189003,0.014300,3,NFLX,combo_vv
2025-04-04,2025-04-07,2025-04-09,82.785004,94.546997,0.141679,3,NFLX,combo_vv
2025-04-22,2025-04-23,2025-04-25,104.722000,110.153000,0.051461,3,NFLX,combo_vv
2025-07-22,2025-07-23,2025-07-25,118.981003,118.049004,-0.008233,3,NFLX,combo_vv
2025-12-03,2025-12-04,2025-12-08,103.570000,96.790001,-0.065863,3,NFLX,combo_vv
2026-02-12,2026-02-13,2026-02-18,76.139999,77.989998,0.023897,3,NFLX,combo_vv
2026-02-25,2026-02-26,2026-03-02,83.199997,97.089996,0.166547,3,NFLX,combo_vv
2021-06-17,2021-06-18,2021-06-22,18.741072,18.843580,0.005070,3,NVDA,combo_vv
2021-07-15,2021-07-16,2021-07-20,18.987005,18.569464,-0.022391,3,NVDA,combo_vv
2021-08-20,2021-08-23,2021-08-25,20.923074,22.162230,0.058824,3,NVDA,combo_vv
2021-09-28,2021-09-29,2021-10-01,20.895829,20.698240,-0.009856,3,NVDA,combo_vv
2021-10-04,2021-10-05,2021-10-07,19.907919,21.030540,0.055991,3,NVDA,combo_vv
2021-10-26,2021-10-27,2021-10-29,24.422370,25.513067,0.044260,3,NVDA,combo_vv
2021-11-04,2021-11-05,2021-11-09,30.123319,30.592325,0.015170,3,NVDA,combo_vv
2021-11-18,2021-11-19,2021-11-23,32.174989,31.679029,-0.015814,3,NVDA,combo_vv
2021-12-13,2021-12-14,2021-12-16,27.643951,28.330584,0.024438,3,NVDA,combo_vv
2022-03-24,2022-03-25,2022-03-29,27.835318,28.603922,0.027213,3,NVDA,combo_vv
2022-05-09,2022-05-10,2022-05-12,17.656854,16.145605,-0.085990,3,NVDA,combo_vv
2022-09-13,2022-09-14,2022-09-16,13.236643,13.180716,-0.004625,3,NVDA,combo_vv
2022-10-07,2022-10-10,2022-10-12,12.021236,11.484939,-0.045013,3,NVDA,combo_vv
2023-02-23,2023-02-24,2023-02-28,23.200519,23.191528,-0.000788,3,NVDA,combo_vv
2023-05-25,2023-05-26,2023-05-31,37.856490,37.800541,-0.001878,3,NVDA,combo_vv
2023-08-21,2023-08-22,2023-08-24,48.097396,47.126160,-0.020593,3,NVDA,combo_vv
2024-01-08,2024-01-09,2024-01-11,52.368989,54.788509,0.045801,3,NVDA,combo_vv
2024-02-20,2024-02-21,2024-02-23,67.964464,78.768845,0.158571,3,NVDA,combo_vv
2024-05-23,2024-05-24,2024-05-29,104.390086,114.760231,0.098940,3,NVDA,combo_vv
2024-06-24,2024-06-25,2024-06-27,121.141578,123.930244,0.022620,3,NVDA,combo_vv
2024-07-24,2024-07-25,2024-07-29,112.985527,111.536217,-0.013227,3,NVDA,combo_vv
2024-07-31,2024-08-01,2024-08-05,117.473362,100.401588,-0.145725,3,NVDA,combo_vv
2024-09-03,2024-09-04,2024-09-06,105.359196,102.780449,-0.024876,3,NVDA,combo_vv
2025-01-28,2025-01-29,2025-01-31,126.458563,120.030670,-0.051230,3,NVDA,combo_vv
2025-04-09,2025-04-10,2025-04-14,109.344234,110.683914,0.011852,3,NVDA,combo_vv
2025-08-19,2025-08-20,2025-08-22,175.140892,177.960434,0.015699,3,NVDA,combo_vv
2025-08-29,2025-09-02,2025-09-04,169.971748,171.631485,0.009365,3,NVDA,combo_vv
2025-10-14,2025-10-15,2025-10-17,184.779712,183.199890,-0.008950,3,NVDA,combo_vv
2025-10-28,2025-10-29,2025-10-31,207.957172,202.467773,-0.026797,3,NVDA,combo_vv
2026-01-20,2026-01-21,2026-01-23,179.040316,187.659836,0.047743,3,NVDA,combo_vv
2026-06-05,2026-06-08,2026-06-10,210.179993,200.419998,-0.046836,3,NVDA,combo_vv
2021-07-07,2021-07-08,2021-07-12,79.461612,81.386925,0.023829,3,ORCL,combo_vv
2021-07-23,2021-07-26,2021-07-28,82.024851,81.780952,-0.003373,3,ORCL,combo_vv
2021-09-30,2021-10-01,2021-10-05,82.325029,85.824028,0.042102,3,ORCL,combo_vv
2021-12-10,2021-12-13,2021-12-15,96.430185,97.569199,0.011412,3,ORCL,combo_vv
2021-12-20,2021-12-21,2021-12-23,86.423822,84.456436,-0.023164,3,ORCL,combo_vv
2022-03-15,2022-03-16,2022-03-18,76.531239,77.173744,0.007995,3,ORCL,combo_vv
2022-04-22,2022-04-25,2022-04-27,72.277706,70.911835,-0.019298,3,ORCL,combo_vv
2022-05-18,2022-05-19,2022-05-23,64.006568,66.434799,0.037537,3,ORCL,combo_vv
2022-06-14,2022-06-15,2022-06-17,66.823707,64.234215,-0.039151,3,ORCL,combo_vv
2022-10-20,2022-10-21,2022-10-25,68.023036,70.043716,0.029306,3,ORCL,combo_vv
2022-12-05,2022-12-06,2022-12-08,75.990826,76.680351,0.008674,3,ORCL,combo_vv
2023-05-18,2023-05-19,2023-05-23,98.835287,95.118965,-0.038001,3,ORCL,combo_vv
2023-05-25,2023-05-26,2023-05-31,100.727244,102.262047,0.014837,3,ORCL,combo_vv
2023-06-12,2023-06-13,2023-06-15,119.038657,122.156517,0.025792,3,ORCL,combo_vv
2023-06-15,2023-06-16,2023-06-21,122.726030,117.861015,-0.040041,3,ORCL,combo_vv
2024-03-12,2024-03-13,2024-03-15,124.925703,122.524780,-0.019619,3,ORCL,combo_vv
2024-06-12,2024-06-13,2024-06-17,137.499448,138.361099,0.005867,3,ORCL,combo_vv
2024-09-10,2024-09-11,2024-09-13,153.941690,159.096634,0.033086,3,ORCL,combo_vv
2024-09-16,2024-09-17,2024-09-19,167.197298,164.555984,-0.016198,3,ORCL,combo_vv
2024-11-06,2024-11-07,2024-11-11,178.201567,186.123596,0.044055,3,ORCL,combo_vv
2025-01-21,2025-01-22,2025-01-24,188.928989,181.125610,-0.041703,3,ORCL,combo_vv
2025-03-06,2025-03-07,2025-03-11,148.590071,142.236862,-0.043157,3,ORCL,combo_vv
2025-06-12,2025-06-13,2025-06-17,199.577659,206.112091,0.032341,3,ORCL,combo_vv
2025-09-10,2025-09-11,2025-09-15,327.753621,299.774445,-0.085766,3,ORCL,combo_vv
2025-12-19,2025-12-22,2025-12-24,195.617896,196.283798,0.003004,3,ORCL,combo_vv
2026-02-09,2026-02-10,2026-02-12,159.443129,155.935379,-0.022400,3,ORCL,combo_vv
2026-03-11,2026-03-12,2026-03-16,164.086922,155.427155,-0.053175,3,ORCL,combo_vv
2026-04-13,2026-04-14,2026-04-16,167.929993,178.339996,0.061590,3,ORCL,combo_vv
2026-05-29,2026-06-01,2026-06-03,230.500000,230.330002,-0.001138,3,ORCL,combo_vv
2026-06-05,2026-06-08,2026-06-10,217.750000,201.259995,-0.076129,3,ORCL,combo_vv
2021-09-20,2021-09-21,2021-09-23,244.929993,251.213333,0.025254,3,TSLA,combo_vv
2021-10-25,2021-10-26,2021-10-28,341.563324,359.013336,0.050689,3,TSLA,combo_vv
2021-11-01,2021-11-02,2021-11-04,386.453339,409.970001,0.060453,3,TSLA,combo_vv
2022-05-05,2022-05-06,2022-05-10,295.666656,266.679993,-0.098438,3,TSLA,combo_vv
2022-06-03,2022-06-06,2022-06-08,244.353333,241.866669,-0.010577,3,TSLA,combo_vv
2022-07-21,2022-07-22,2022-07-26,276.220001,258.859985,-0.063249,3,TSLA,combo_vv
2022-09-29,2022-09-30,2022-10-04,266.149994,249.440002,-0.063184,3,TSLA,combo_vv
2022-10-14,2022-10-17,2022-10-19,210.039993,222.039993,0.056732,3,TSLA,combo_vv
2022-11-10,2022-11-11,2022-11-15,186.000000,194.419998,0.044869,3,TSLA,combo_vv
2023-01-27,2023-01-30,2023-02-01,178.050003,181.410004,0.018471,3,TSLA,combo_vv
2023-07-20,2023-07-21,2023-07-25,268.000000,265.279999,-0.010549,3,TSLA,combo_vv
2023-09-11,2023-09-12,2023-09-14,270.760010,276.040009,0.019101,3,TSLA,combo_vv
2023-10-19,2023-10-20,2023-10-24,217.009995,216.520004,-0.002658,3,TSLA,combo_vv
2024-03-04,2024-03-05,2024-03-07,183.050003,178.649994,-0.024437,3,TSLA,combo_vv
2024-04-24,2024-04-25,2024-04-29,158.960007,194.050003,0.220347,3,TSLA,combo_vv
2024-04-29,2024-04-30,2024-05-02,186.979996,180.009995,-0.037677,3,TSLA,combo_vv
2024-07-02,2024-07-03,2024-07-08,234.559998,252.940002,0.077960,3,TSLA,combo_vv
2024-07-24,2024-07-25,2024-07-29,216.800003,232.100006,0.070172,3,TSLA,combo_vv
2024-10-24,2024-10-25,2024-10-29,256.010010,259.519989,0.013310,3,TSLA,combo_vv
2024-11-06,2024-11-07,2024-11-11,288.890015,350.000000,0.211134,3,TSLA,combo_vv
2025-04-04,2025-04-07,2025-04-09,223.779999,272.200012,0.215973,3,TSLA,combo_vv
2025-04-09,2025-04-10,2025-04-14,260.000000,252.350006,-0.029823,3,TSLA,combo_vv
2025-09-12,2025-09-15,2025-09-17,423.130005,425.859985,0.006052,3,TSLA,combo_vv
2025-11-13,2025-11-14,2025-11-18,386.299988,401.250000,0.038301,3,TSLA,combo_vv
2026-04-02,2026-04-06,2026-04-08,362.589996,343.250000,-0.053738,3,TSLA,combo_vv
2026-04-15,2026-04-16,2026-04-20,393.809998,392.500000,-0.003726,3,TSLA,combo_vv
2026-06-05,2026-06-08,2026-06-10,396.329987,381.589996,-0.037591,3,TSLA,combo_vv
2026-06-23,2026-06-24,2026-06-26,380.079987,379.709991,-0.001373,3,TSLA,combo_vv
